-- Adminer 4.2.4 MySQL dump

SET NAMES utf8;
SET time_zone = '+00:00';
SET foreign_key_checks = 0;
SET sql_mode = 'NO_AUTO_VALUE_ON_ZERO';

DROP TABLE IF EXISTS `ahp_siswas`;
CREATE TABLE `ahp_siswas` (
  `id` int(10) unsigned NOT NULL AUTO_INCREMENT,
  `id_siswas` int(10) unsigned NOT NULL,
  `nilai_rata` double(3,3) NOT NULL,
  `tingkat_hadir` double(3,3) NOT NULL,
  `sikap` double(3,3) NOT NULL,
  `jumlah_extra` double(3,3) NOT NULL,
  `total` double(3,3) NOT NULL,
  `created_at` timestamp NULL DEFAULT NULL,
  `updated_at` timestamp NULL DEFAULT NULL,
  PRIMARY KEY (`id`),
  KEY `ahp_siswas_id_siswas_foreign` (`id_siswas`),
  CONSTRAINT `ahp_siswas_id_siswas_foreign` FOREIGN KEY (`id_siswas`) REFERENCES `siswas` (`id`) ON DELETE CASCADE
) ENGINE=InnoDB DEFAULT CHARSET=utf8 COLLATE=utf8_unicode_ci;

INSERT INTO `ahp_siswas` (`id`, `id_siswas`, `nilai_rata`, `tingkat_hadir`, `sikap`, `jumlah_extra`, `total`, `created_at`, `updated_at`) VALUES
(1,	4,	0.090,	0.018,	0.012,	0.003,	0.123,	'2017-09-23 11:54:01',	'2017-09-23 11:54:01'),
(2,	5,	0.056,	0.138,	0.023,	0.014,	0.230,	'2017-09-23 11:54:01',	'2017-09-23 11:54:01'),
(3,	6,	0.090,	0.138,	0.012,	0.006,	0.246,	'2017-09-23 11:54:01',	'2017-09-23 11:54:01'),
(4,	7,	0.056,	0.070,	0.023,	0.014,	0.162,	'2017-09-23 11:54:01',	'2017-09-23 11:54:01'),
(5,	8,	0.090,	0.034,	0.054,	0.006,	0.184,	'2017-09-23 11:54:01',	'2017-09-23 11:54:01'),
(6,	9,	0.090,	0.034,	0.054,	0.003,	0.180,	'2017-09-23 11:54:01',	'2017-09-23 11:54:01'),
(7,	10,	0.090,	0.138,	0.023,	0.014,	0.264,	'2017-09-23 11:54:01',	'2017-09-23 11:54:01'),
(8,	11,	0.151,	0.070,	0.054,	0.014,	0.289,	'2017-09-23 11:54:01',	'2017-09-23 11:54:01'),
(9,	12,	0.151,	0.018,	0.054,	0.006,	0.230,	'2017-09-23 11:54:01',	'2017-09-23 11:54:01'),
(10,	13,	0.269,	0.034,	0.031,	0.006,	0.340,	'2017-09-23 11:54:01',	'2017-09-23 11:54:01'),
(11,	14,	0.056,	0.138,	0.054,	0.003,	0.251,	'2017-09-23 11:54:02',	'2017-09-23 11:54:02'),
(12,	15,	0.151,	0.138,	0.031,	0.014,	0.334,	'2017-09-23 11:54:02',	'2017-09-23 11:54:02'),
(13,	16,	0.151,	0.070,	0.023,	0.003,	0.247,	'2017-09-23 11:54:02',	'2017-09-23 11:54:02'),
(14,	17,	0.151,	0.034,	0.054,	0.003,	0.242,	'2017-09-23 11:54:02',	'2017-09-23 11:54:02'),
(15,	18,	0.151,	0.034,	0.023,	0.003,	0.211,	'2017-09-23 11:54:02',	'2017-09-23 11:54:02'),
(16,	19,	0.151,	0.138,	0.031,	0.027,	0.347,	'2017-09-23 11:54:02',	'2017-09-23 11:54:02'),
(17,	20,	0.056,	0.018,	0.054,	0.014,	0.142,	'2017-09-23 11:54:02',	'2017-09-23 11:54:02'),
(18,	21,	0.090,	0.018,	0.031,	0.003,	0.142,	'2017-09-23 11:54:02',	'2017-09-23 11:54:02'),
(19,	22,	0.056,	0.018,	0.031,	0.006,	0.112,	'2017-09-23 11:54:02',	'2017-09-23 11:54:02'),
(20,	23,	0.056,	0.138,	0.031,	0.006,	0.232,	'2017-09-23 11:54:02',	'2017-09-23 11:54:02'),
(21,	24,	0.090,	0.034,	0.012,	0.006,	0.142,	'2017-09-23 11:54:02',	'2017-09-23 11:54:02'),
(22,	25,	0.056,	0.070,	0.023,	0.006,	0.156,	'2017-09-23 11:54:02',	'2017-09-23 11:54:02'),
(23,	26,	0.056,	0.070,	0.054,	0.003,	0.183,	'2017-09-23 11:54:02',	'2017-09-23 11:54:02'),
(24,	27,	0.056,	0.018,	0.023,	0.006,	0.104,	'2017-09-23 11:54:02',	'2017-09-23 11:54:02'),
(25,	28,	0.151,	0.018,	0.023,	0.003,	0.195,	'2017-09-23 11:54:02',	'2017-09-23 11:54:02'),
(26,	29,	0.151,	0.018,	0.012,	0.027,	0.208,	'2017-09-23 11:54:02',	'2017-09-23 11:54:02'),
(27,	30,	0.090,	0.070,	0.031,	0.006,	0.198,	'2017-09-23 11:54:02',	'2017-09-23 11:54:02'),
(28,	31,	0.090,	0.138,	0.023,	0.006,	0.257,	'2017-09-23 11:54:02',	'2017-09-23 11:54:02'),
(29,	32,	0.056,	0.070,	0.054,	0.006,	0.187,	'2017-09-23 11:54:02',	'2017-09-23 11:54:02'),
(30,	33,	0.151,	0.034,	0.031,	0.003,	0.219,	'2017-09-23 11:54:02',	'2017-09-23 11:54:02'),
(31,	34,	0.151,	0.138,	0.023,	0.014,	0.325,	'2017-09-23 11:54:02',	'2017-09-23 11:54:02'),
(32,	35,	0.151,	0.018,	0.012,	0.027,	0.208,	'2017-09-23 11:54:02',	'2017-09-23 11:54:02'),
(33,	36,	0.056,	0.018,	0.031,	0.006,	0.112,	'2017-09-23 11:54:02',	'2017-09-23 11:54:02'),
(34,	37,	0.090,	0.070,	0.012,	0.006,	0.178,	'2017-09-23 11:54:03',	'2017-09-23 11:54:03'),
(35,	38,	0.056,	0.034,	0.054,	0.014,	0.157,	'2017-09-23 11:54:03',	'2017-09-23 11:54:03'),
(36,	39,	0.090,	0.018,	0.054,	0.003,	0.165,	'2017-09-23 11:54:03',	'2017-09-23 11:54:03'),
(37,	40,	0.151,	0.138,	0.023,	0.006,	0.318,	'2017-09-23 11:54:03',	'2017-09-23 11:54:03'),
(38,	41,	0.090,	0.070,	0.023,	0.014,	0.196,	'2017-09-23 11:54:03',	'2017-09-23 11:54:03'),
(39,	42,	0.056,	0.138,	0.023,	0.014,	0.230,	'2017-09-23 11:54:03',	'2017-09-23 11:54:03'),
(40,	43,	0.056,	0.138,	0.012,	0.006,	0.212,	'2017-09-23 11:54:03',	'2017-09-23 11:54:03'),
(41,	44,	0.090,	0.070,	0.054,	0.006,	0.220,	'2017-09-23 11:54:03',	'2017-09-23 11:54:03'),
(42,	45,	0.151,	0.018,	0.023,	0.027,	0.219,	'2017-09-23 11:54:03',	'2017-09-23 11:54:03'),
(43,	46,	0.090,	0.018,	0.031,	0.003,	0.142,	'2017-09-23 11:54:03',	'2017-09-23 11:54:03'),
(44,	47,	0.151,	0.070,	0.023,	0.014,	0.258,	'2017-09-23 11:54:03',	'2017-09-23 11:54:03'),
(45,	48,	0.056,	0.018,	0.031,	0.027,	0.132,	'2017-09-23 11:54:03',	'2017-09-23 11:54:03'),
(46,	49,	0.056,	0.034,	0.023,	0.014,	0.126,	'2017-09-23 11:54:03',	'2017-09-23 11:54:03'),
(47,	50,	0.090,	0.070,	0.031,	0.014,	0.204,	'2017-09-23 11:54:03',	'2017-09-23 11:54:03'),
(48,	51,	0.056,	0.034,	0.031,	0.027,	0.148,	'2017-09-23 11:54:03',	'2017-09-23 11:54:03'),
(49,	52,	0.151,	0.034,	0.012,	0.027,	0.224,	'2017-09-23 11:54:03',	'2017-09-23 11:54:03'),
(50,	53,	0.090,	0.034,	0.023,	0.027,	0.173,	'2017-09-23 11:54:03',	'2017-09-23 11:54:03'),
(51,	54,	0.090,	0.018,	0.031,	0.027,	0.166,	'2017-09-23 11:54:03',	'2017-09-23 11:54:03'),
(52,	55,	0.056,	0.018,	0.031,	0.003,	0.108,	'2017-09-23 11:54:03',	'2017-09-23 11:54:03'),
(53,	56,	0.151,	0.138,	0.023,	0.014,	0.325,	'2017-09-23 11:54:03',	'2017-09-23 11:54:03'),
(54,	57,	0.269,	0.138,	0.054,	0.027,	0.488,	'2017-09-23 11:54:03',	'2017-09-23 11:54:03'),
(55,	58,	0.090,	0.034,	0.012,	0.027,	0.162,	'2017-09-23 11:54:03',	'2017-09-23 11:54:03'),
(56,	59,	0.056,	0.138,	0.031,	0.014,	0.238,	'2017-09-23 11:54:03',	'2017-09-23 11:54:03'),
(57,	60,	0.056,	0.070,	0.012,	0.003,	0.141,	'2017-09-23 11:54:03',	'2017-09-23 11:54:03'),
(58,	61,	0.056,	0.070,	0.023,	0.003,	0.152,	'2017-09-23 11:54:04',	'2017-09-23 11:54:04'),
(59,	62,	0.056,	0.018,	0.031,	0.027,	0.132,	'2017-09-23 11:54:04',	'2017-09-23 11:54:04'),
(60,	63,	0.151,	0.018,	0.023,	0.027,	0.219,	'2017-09-23 11:54:04',	'2017-09-23 11:54:04'),
(61,	64,	0.056,	0.018,	0.023,	0.027,	0.124,	'2017-09-23 11:54:04',	'2017-09-23 11:54:04'),
(62,	65,	0.056,	0.138,	0.023,	0.027,	0.244,	'2017-09-23 11:54:04',	'2017-09-23 11:54:04'),
(63,	66,	0.151,	0.018,	0.031,	0.027,	0.228,	'2017-09-23 11:54:04',	'2017-09-23 11:54:04'),
(64,	67,	0.056,	0.034,	0.023,	0.003,	0.116,	'2017-09-23 11:54:04',	'2017-09-23 11:54:04'),
(65,	68,	0.090,	0.018,	0.012,	0.003,	0.123,	'2017-09-23 11:54:04',	'2017-09-23 11:54:04'),
(66,	69,	0.090,	0.070,	0.012,	0.006,	0.178,	'2017-09-23 11:54:04',	'2017-09-23 11:54:04'),
(67,	70,	0.056,	0.070,	0.023,	0.006,	0.156,	'2017-09-23 11:54:04',	'2017-09-23 11:54:04'),
(68,	71,	0.151,	0.034,	0.054,	0.006,	0.246,	'2017-09-23 11:54:04',	'2017-09-23 11:54:04'),
(69,	72,	0.151,	0.018,	0.031,	0.027,	0.228,	'2017-09-23 11:54:04',	'2017-09-23 11:54:04'),
(70,	73,	0.056,	0.018,	0.023,	0.014,	0.110,	'2017-09-23 11:54:04',	'2017-09-23 11:54:04'),
(71,	74,	0.056,	0.138,	0.023,	0.027,	0.244,	'2017-09-23 11:54:04',	'2017-09-23 11:54:04'),
(72,	75,	0.056,	0.018,	0.054,	0.006,	0.135,	'2017-09-23 11:54:04',	'2017-09-23 11:54:04'),
(73,	76,	0.056,	0.034,	0.023,	0.003,	0.116,	'2017-09-23 11:54:04',	'2017-09-23 11:54:04'),
(74,	77,	0.056,	0.018,	0.012,	0.006,	0.093,	'2017-09-23 11:54:04',	'2017-09-23 11:54:04'),
(75,	78,	0.056,	0.070,	0.031,	0.006,	0.164,	'2017-09-23 11:54:04',	'2017-09-23 11:54:04'),
(76,	79,	0.056,	0.018,	0.023,	0.027,	0.124,	'2017-09-23 11:54:04',	'2017-09-23 11:54:04'),
(77,	80,	0.151,	0.034,	0.012,	0.006,	0.204,	'2017-09-23 11:54:04',	'2017-09-23 11:54:04'),
(78,	81,	0.056,	0.034,	0.054,	0.014,	0.157,	'2017-09-23 11:54:04',	'2017-09-23 11:54:04'),
(79,	82,	0.056,	0.138,	0.054,	0.003,	0.251,	'2017-09-23 11:54:04',	'2017-09-23 11:54:04'),
(80,	83,	0.056,	0.018,	0.023,	0.003,	0.100,	'2017-09-23 11:54:04',	'2017-09-23 11:54:04'),
(81,	84,	0.151,	0.034,	0.012,	0.006,	0.204,	'2017-09-23 11:54:04',	'2017-09-23 11:54:04'),
(82,	85,	0.151,	0.138,	0.054,	0.006,	0.350,	'2017-09-23 11:54:05',	'2017-09-23 11:54:05'),
(83,	86,	0.056,	0.138,	0.012,	0.006,	0.212,	'2017-09-23 11:54:05',	'2017-09-23 11:54:05'),
(84,	87,	0.151,	0.018,	0.023,	0.014,	0.206,	'2017-09-23 11:54:05',	'2017-09-23 11:54:05'),
(85,	88,	0.056,	0.034,	0.023,	0.014,	0.126,	'2017-09-23 11:54:05',	'2017-09-23 11:54:05'),
(86,	89,	0.151,	0.034,	0.012,	0.003,	0.200,	'2017-09-23 11:54:05',	'2017-09-23 11:54:05'),
(87,	90,	0.056,	0.034,	0.023,	0.006,	0.119,	'2017-09-23 11:54:05',	'2017-09-23 11:54:05'),
(88,	91,	0.056,	0.018,	0.054,	0.027,	0.155,	'2017-09-23 11:54:05',	'2017-09-23 11:54:05'),
(89,	92,	0.090,	0.018,	0.023,	0.003,	0.134,	'2017-09-23 11:54:05',	'2017-09-23 11:54:05'),
(90,	93,	0.056,	0.070,	0.023,	0.003,	0.152,	'2017-09-23 11:54:05',	'2017-09-23 11:54:05'),
(91,	94,	0.056,	0.034,	0.054,	0.014,	0.157,	'2017-09-23 11:54:05',	'2017-09-23 11:54:05'),
(92,	95,	0.056,	0.138,	0.023,	0.006,	0.223,	'2017-09-23 11:54:05',	'2017-09-23 11:54:05'),
(93,	96,	0.151,	0.034,	0.054,	0.006,	0.246,	'2017-09-23 11:54:05',	'2017-09-23 11:54:05'),
(94,	97,	0.151,	0.138,	0.023,	0.006,	0.318,	'2017-09-23 11:54:05',	'2017-09-23 11:54:05'),
(95,	98,	0.090,	0.018,	0.012,	0.027,	0.147,	'2017-09-23 11:54:05',	'2017-09-23 11:54:05'),
(96,	99,	0.056,	0.138,	0.023,	0.006,	0.223,	'2017-09-23 11:54:05',	'2017-09-23 11:54:05'),
(97,	100,	0.056,	0.070,	0.012,	0.027,	0.165,	'2017-09-23 11:54:05',	'2017-09-23 11:54:05'),
(98,	101,	0.090,	0.070,	0.023,	0.027,	0.210,	'2017-09-23 11:54:05',	'2017-09-23 11:54:05'),
(99,	102,	0.090,	0.034,	0.012,	0.006,	0.142,	'2017-09-23 11:54:05',	'2017-09-23 11:54:05'),
(100,	103,	0.151,	0.034,	0.023,	0.014,	0.221,	'2017-09-23 11:54:05',	'2017-09-23 11:54:05'),
(101,	104,	0.056,	0.070,	0.023,	0.006,	0.156,	'2017-09-23 11:54:05',	'2017-09-23 11:54:05'),
(102,	105,	0.056,	0.018,	0.012,	0.003,	0.089,	'2017-09-23 11:54:05',	'2017-09-23 11:54:05'),
(103,	106,	0.151,	0.034,	0.054,	0.014,	0.252,	'2017-09-23 11:54:05',	'2017-09-23 11:54:05'),
(104,	107,	0.090,	0.070,	0.023,	0.003,	0.186,	'2017-09-23 11:54:05',	'2017-09-23 11:54:05'),
(105,	108,	0.151,	0.070,	0.023,	0.006,	0.251,	'2017-09-23 11:54:05',	'2017-09-23 11:54:05'),
(106,	109,	0.151,	0.018,	0.054,	0.014,	0.237,	'2017-09-23 11:54:05',	'2017-09-23 11:54:05'),
(107,	110,	0.269,	0.138,	0.054,	0.003,	0.464,	'2017-09-23 11:54:06',	'2017-09-23 11:54:06'),
(108,	111,	0.056,	0.034,	0.012,	0.003,	0.105,	'2017-09-23 11:54:06',	'2017-09-23 11:54:06'),
(109,	112,	0.056,	0.018,	0.031,	0.014,	0.119,	'2017-09-23 11:54:06',	'2017-09-23 11:54:06'),
(110,	113,	0.269,	0.018,	0.054,	0.014,	0.354,	'2017-09-23 11:54:06',	'2017-09-23 11:54:06'),
(111,	114,	0.056,	0.018,	0.031,	0.027,	0.132,	'2017-09-23 11:54:06',	'2017-09-23 11:54:06'),
(112,	115,	0.090,	0.034,	0.012,	0.006,	0.142,	'2017-09-23 11:54:06',	'2017-09-23 11:54:06'),
(113,	116,	0.151,	0.018,	0.012,	0.027,	0.208,	'2017-09-23 11:54:06',	'2017-09-23 11:54:06'),
(114,	117,	0.056,	0.018,	0.054,	0.014,	0.142,	'2017-09-23 11:54:06',	'2017-09-23 11:54:06'),
(115,	118,	0.056,	0.018,	0.012,	0.003,	0.089,	'2017-09-23 11:54:06',	'2017-09-23 11:54:06'),
(116,	119,	0.090,	0.034,	0.031,	0.014,	0.168,	'2017-09-23 11:54:06',	'2017-09-23 11:54:06'),
(117,	120,	0.056,	0.138,	0.012,	0.014,	0.219,	'2017-09-23 11:54:06',	'2017-09-23 11:54:06'),
(118,	121,	0.151,	0.070,	0.054,	0.014,	0.289,	'2017-09-23 11:54:06',	'2017-09-23 11:54:06'),
(119,	122,	0.056,	0.018,	0.054,	0.027,	0.155,	'2017-09-23 11:54:06',	'2017-09-23 11:54:06'),
(120,	123,	0.056,	0.034,	0.031,	0.006,	0.128,	'2017-09-23 11:54:06',	'2017-09-23 11:54:06'),
(121,	124,	0.056,	0.070,	0.012,	0.003,	0.141,	'2017-09-23 11:54:06',	'2017-09-23 11:54:06'),
(122,	125,	0.056,	0.070,	0.012,	0.014,	0.152,	'2017-09-23 11:54:06',	'2017-09-23 11:54:06'),
(123,	126,	0.151,	0.018,	0.023,	0.003,	0.195,	'2017-09-23 11:54:06',	'2017-09-23 11:54:06'),
(124,	127,	0.151,	0.018,	0.023,	0.003,	0.195,	'2017-09-23 11:54:06',	'2017-09-23 11:54:06'),
(125,	128,	0.056,	0.018,	0.023,	0.003,	0.100,	'2017-09-23 11:54:06',	'2017-09-23 11:54:06'),
(126,	129,	0.056,	0.070,	0.054,	0.003,	0.183,	'2017-09-23 11:54:06',	'2017-09-23 11:54:06'),
(127,	130,	0.090,	0.070,	0.023,	0.003,	0.186,	'2017-09-23 11:54:06',	'2017-09-23 11:54:06'),
(128,	131,	0.151,	0.034,	0.054,	0.027,	0.266,	'2017-09-23 11:54:06',	'2017-09-23 11:54:06'),
(129,	132,	0.090,	0.070,	0.054,	0.003,	0.217,	'2017-09-23 11:54:06',	'2017-09-23 11:54:06'),
(130,	133,	0.056,	0.138,	0.031,	0.003,	0.228,	'2017-09-23 11:54:07',	'2017-09-23 11:54:07'),
(131,	134,	0.151,	0.034,	0.054,	0.014,	0.252,	'2017-09-23 11:54:07',	'2017-09-23 11:54:07'),
(132,	135,	0.056,	0.138,	0.031,	0.006,	0.232,	'2017-09-23 11:54:07',	'2017-09-23 11:54:07'),
(133,	136,	0.056,	0.070,	0.012,	0.006,	0.145,	'2017-09-23 11:54:07',	'2017-09-23 11:54:07'),
(134,	137,	0.056,	0.034,	0.012,	0.006,	0.108,	'2017-09-23 11:54:07',	'2017-09-23 11:54:07'),
(135,	138,	0.090,	0.070,	0.031,	0.027,	0.218,	'2017-09-23 11:54:07',	'2017-09-23 11:54:07'),
(136,	139,	0.056,	0.034,	0.012,	0.027,	0.129,	'2017-09-23 11:54:07',	'2017-09-23 11:54:07'),
(137,	140,	0.056,	0.034,	0.023,	0.027,	0.140,	'2017-09-23 11:54:07',	'2017-09-23 11:54:07'),
(138,	141,	0.056,	0.034,	0.054,	0.014,	0.157,	'2017-09-23 11:54:07',	'2017-09-23 11:54:07'),
(139,	142,	0.090,	0.070,	0.023,	0.014,	0.196,	'2017-09-23 11:54:07',	'2017-09-23 11:54:07'),
(140,	143,	0.056,	0.018,	0.031,	0.014,	0.119,	'2017-09-23 11:54:07',	'2017-09-23 11:54:07'),
(141,	144,	0.056,	0.034,	0.023,	0.014,	0.126,	'2017-09-23 11:54:07',	'2017-09-23 11:54:07'),
(142,	145,	0.151,	0.138,	0.031,	0.003,	0.323,	'2017-09-23 11:54:07',	'2017-09-23 11:54:07'),
(143,	146,	0.151,	0.034,	0.023,	0.003,	0.211,	'2017-09-23 11:54:07',	'2017-09-23 11:54:07'),
(144,	147,	0.056,	0.138,	0.031,	0.027,	0.252,	'2017-09-23 11:54:07',	'2017-09-23 11:54:07'),
(145,	148,	0.151,	0.070,	0.023,	0.014,	0.258,	'2017-09-23 11:54:07',	'2017-09-23 11:54:07'),
(146,	149,	0.090,	0.138,	0.023,	0.006,	0.257,	'2017-09-23 11:54:07',	'2017-09-23 11:54:07'),
(147,	150,	0.056,	0.034,	0.012,	0.003,	0.105,	'2017-09-23 11:54:07',	'2017-09-23 11:54:07'),
(148,	151,	0.056,	0.034,	0.054,	0.003,	0.147,	'2017-09-23 11:54:07',	'2017-09-23 11:54:07'),
(149,	152,	0.151,	0.070,	0.031,	0.027,	0.280,	'2017-09-23 11:54:07',	'2017-09-23 11:54:07'),
(150,	153,	0.056,	0.018,	0.023,	0.027,	0.124,	'2017-09-23 11:54:07',	'2017-09-23 11:54:07'),
(151,	154,	0.090,	0.070,	0.031,	0.014,	0.204,	'2017-09-23 11:54:07',	'2017-09-23 11:54:07'),
(152,	155,	0.056,	0.018,	0.023,	0.003,	0.100,	'2017-09-23 11:54:07',	'2017-09-23 11:54:07'),
(153,	156,	0.090,	0.034,	0.023,	0.006,	0.153,	'2017-09-23 11:54:07',	'2017-09-23 11:54:07'),
(154,	157,	0.090,	0.070,	0.012,	0.014,	0.185,	'2017-09-23 11:54:07',	'2017-09-23 11:54:07'),
(155,	158,	0.056,	0.034,	0.023,	0.003,	0.116,	'2017-09-23 11:54:07',	'2017-09-23 11:54:07'),
(156,	159,	0.090,	0.138,	0.054,	0.003,	0.284,	'2017-09-23 11:54:07',	'2017-09-23 11:54:07'),
(157,	160,	0.056,	0.070,	0.054,	0.003,	0.183,	'2017-09-23 11:54:07',	'2017-09-23 11:54:07'),
(158,	161,	0.056,	0.018,	0.031,	0.027,	0.132,	'2017-09-23 11:54:08',	'2017-09-23 11:54:08'),
(159,	162,	0.056,	0.138,	0.054,	0.027,	0.275,	'2017-09-23 11:54:08',	'2017-09-23 11:54:08'),
(160,	163,	0.056,	0.034,	0.031,	0.014,	0.134,	'2017-09-23 11:54:08',	'2017-09-23 11:54:08'),
(161,	164,	0.056,	0.070,	0.023,	0.014,	0.162,	'2017-09-23 11:54:08',	'2017-09-23 11:54:08'),
(162,	165,	0.151,	0.070,	0.054,	0.027,	0.302,	'2017-09-23 11:54:08',	'2017-09-23 11:54:08'),
(163,	166,	0.056,	0.138,	0.031,	0.014,	0.238,	'2017-09-23 11:54:08',	'2017-09-23 11:54:08'),
(164,	167,	0.151,	0.138,	0.023,	0.027,	0.339,	'2017-09-23 11:54:08',	'2017-09-23 11:54:08'),
(165,	168,	0.056,	0.018,	0.031,	0.014,	0.119,	'2017-09-23 11:54:08',	'2017-09-23 11:54:08'),
(166,	169,	0.151,	0.070,	0.054,	0.003,	0.278,	'2017-09-23 11:54:08',	'2017-09-23 11:54:08'),
(167,	170,	0.090,	0.070,	0.054,	0.027,	0.241,	'2017-09-23 11:54:08',	'2017-09-23 11:54:08'),
(168,	171,	0.090,	0.034,	0.054,	0.027,	0.204,	'2017-09-23 11:54:08',	'2017-09-23 11:54:08'),
(169,	172,	0.056,	0.034,	0.023,	0.014,	0.126,	'2017-09-23 11:54:08',	'2017-09-23 11:54:08'),
(170,	173,	0.056,	0.138,	0.012,	0.003,	0.209,	'2017-09-23 11:54:08',	'2017-09-23 11:54:08'),
(171,	174,	0.151,	0.070,	0.023,	0.006,	0.251,	'2017-09-23 11:54:08',	'2017-09-23 11:54:08'),
(172,	175,	0.056,	0.070,	0.012,	0.027,	0.165,	'2017-09-23 11:54:08',	'2017-09-23 11:54:08'),
(173,	176,	0.090,	0.018,	0.023,	0.027,	0.158,	'2017-09-23 11:54:08',	'2017-09-23 11:54:08'),
(174,	177,	0.056,	0.070,	0.023,	0.003,	0.152,	'2017-09-23 11:54:08',	'2017-09-23 11:54:08'),
(175,	178,	0.056,	0.018,	0.012,	0.014,	0.100,	'2017-09-23 11:54:08',	'2017-09-23 11:54:08'),
(176,	179,	0.056,	0.034,	0.012,	0.014,	0.115,	'2017-09-23 11:54:08',	'2017-09-23 11:54:08'),
(177,	180,	0.151,	0.034,	0.054,	0.014,	0.252,	'2017-09-23 11:54:08',	'2017-09-23 11:54:08'),
(178,	181,	0.269,	0.018,	0.054,	0.014,	0.354,	'2017-09-23 11:54:08',	'2017-09-23 11:54:08'),
(179,	182,	0.151,	0.138,	0.012,	0.014,	0.314,	'2017-09-23 11:54:08',	'2017-09-23 11:54:08'),
(180,	183,	0.056,	0.070,	0.023,	0.027,	0.176,	'2017-09-23 11:54:08',	'2017-09-23 11:54:08'),
(181,	184,	0.090,	0.034,	0.031,	0.003,	0.158,	'2017-09-23 11:54:08',	'2017-09-23 11:54:08'),
(182,	185,	0.056,	0.034,	0.012,	0.003,	0.105,	'2017-09-23 11:54:08',	'2017-09-23 11:54:08'),
(183,	186,	0.056,	0.018,	0.054,	0.027,	0.155,	'2017-09-23 11:54:09',	'2017-09-23 11:54:09'),
(184,	187,	0.090,	0.138,	0.023,	0.027,	0.277,	'2017-09-23 11:54:09',	'2017-09-23 11:54:09'),
(185,	188,	0.090,	0.070,	0.031,	0.014,	0.204,	'2017-09-23 11:54:09',	'2017-09-23 11:54:09'),
(186,	189,	0.056,	0.034,	0.023,	0.003,	0.116,	'2017-09-23 11:54:09',	'2017-09-23 11:54:09'),
(187,	190,	0.151,	0.018,	0.023,	0.006,	0.199,	'2017-09-23 11:54:09',	'2017-09-23 11:54:09'),
(188,	191,	0.056,	0.138,	0.031,	0.014,	0.238,	'2017-09-23 11:54:09',	'2017-09-23 11:54:09'),
(189,	192,	0.090,	0.138,	0.031,	0.006,	0.265,	'2017-09-23 11:54:09',	'2017-09-23 11:54:09'),
(190,	193,	0.151,	0.034,	0.031,	0.027,	0.243,	'2017-09-23 11:54:09',	'2017-09-23 11:54:09'),
(191,	194,	0.090,	0.138,	0.023,	0.003,	0.253,	'2017-09-23 11:54:09',	'2017-09-23 11:54:09'),
(192,	195,	0.090,	0.138,	0.023,	0.003,	0.253,	'2017-09-23 11:54:09',	'2017-09-23 11:54:09'),
(193,	196,	0.090,	0.138,	0.012,	0.014,	0.253,	'2017-09-23 11:54:09',	'2017-09-23 11:54:09'),
(194,	197,	0.056,	0.138,	0.054,	0.006,	0.254,	'2017-09-23 11:54:09',	'2017-09-23 11:54:09'),
(195,	198,	0.151,	0.070,	0.054,	0.003,	0.278,	'2017-09-23 11:54:09',	'2017-09-23 11:54:09'),
(196,	199,	0.056,	0.018,	0.054,	0.014,	0.142,	'2017-09-23 11:54:09',	'2017-09-23 11:54:09'),
(197,	200,	0.269,	0.138,	0.012,	0.014,	0.432,	'2017-09-23 11:54:09',	'2017-09-23 11:54:09'),
(198,	201,	0.056,	0.018,	0.023,	0.006,	0.104,	'2017-09-23 11:54:09',	'2017-09-23 11:54:09'),
(199,	202,	0.151,	0.138,	0.023,	0.003,	0.315,	'2017-09-23 11:54:09',	'2017-09-23 11:54:09'),
(200,	203,	0.151,	0.018,	0.031,	0.014,	0.214,	'2017-09-23 11:54:09',	'2017-09-23 11:54:09'),
(202,	205,	0.090,	0.138,	0.031,	0.006,	0.265,	'2017-09-23 12:10:08',	'2017-09-23 12:10:08');

SET NAMES utf8mb4;

DROP TABLE IF EXISTS `banding_kriterias`;
CREATE TABLE `banding_kriterias` (
  `id_kriteria` int(11) NOT NULL,
  `id_banding_kriteria` int(11) NOT NULL,
  `nilai` double(8,2) NOT NULL,
  `status` enum('kriteria','subkriteria') COLLATE utf8mb4_unicode_ci NOT NULL,
  `created_at` timestamp NULL DEFAULT NULL,
  `updated_at` timestamp NULL DEFAULT NULL
) ENGINE=InnoDB DEFAULT CHARSET=utf8mb4 COLLATE=utf8mb4_unicode_ci;

INSERT INTO `banding_kriterias` (`id_kriteria`, `id_banding_kriteria`, `nilai`, `status`, `created_at`, `updated_at`) VALUES
(1,	1,	1.00,	'kriteria',	'2017-09-20 14:42:24',	'2017-09-20 14:42:24'),
(1,	2,	3.00,	'kriteria',	'2017-09-20 14:42:24',	'2017-09-20 14:42:24'),
(1,	3,	5.00,	'kriteria',	'2017-09-20 14:42:24',	'2017-09-20 14:42:24'),
(1,	4,	7.00,	'kriteria',	'2017-09-20 14:42:24',	'2017-09-20 14:42:24'),
(2,	1,	0.33,	'kriteria',	'2017-09-20 14:42:24',	'2017-09-20 14:42:24'),
(2,	2,	1.00,	'kriteria',	'2017-09-20 14:42:24',	'2017-09-20 14:42:24'),
(2,	3,	3.00,	'kriteria',	'2017-09-20 14:42:24',	'2017-09-20 14:42:24'),
(2,	4,	5.00,	'kriteria',	'2017-09-20 14:42:24',	'2017-09-20 14:42:24'),
(3,	1,	0.20,	'kriteria',	'2017-09-20 14:42:24',	'2017-09-20 14:42:24'),
(3,	2,	0.33,	'kriteria',	'2017-09-20 14:42:24',	'2017-09-20 14:42:24'),
(3,	3,	1.00,	'kriteria',	'2017-09-20 14:42:24',	'2017-09-20 14:42:24'),
(3,	4,	3.00,	'kriteria',	'2017-09-20 14:42:24',	'2017-09-20 14:42:24'),
(4,	1,	0.14,	'kriteria',	'2017-09-20 14:42:24',	'2017-09-20 14:42:24'),
(4,	2,	0.20,	'kriteria',	'2017-09-20 14:42:24',	'2017-09-20 14:42:24'),
(4,	3,	0.30,	'kriteria',	'2017-09-20 14:42:24',	'2017-09-20 14:42:24'),
(4,	4,	1.00,	'kriteria',	'2017-09-20 14:42:24',	'2017-09-20 14:42:24'),
(1,	1,	1.00,	'subkriteria',	'2017-09-20 14:58:31',	'2017-09-20 14:58:31'),
(1,	2,	2.00,	'subkriteria',	'2017-09-20 14:58:31',	'2017-09-20 14:58:31'),
(1,	3,	3.00,	'subkriteria',	'2017-09-20 14:58:31',	'2017-09-20 14:58:31'),
(1,	4,	5.00,	'subkriteria',	'2017-09-20 14:58:31',	'2017-09-20 14:58:31'),
(2,	1,	0.50,	'subkriteria',	'2017-09-20 14:58:31',	'2017-09-20 14:58:31'),
(2,	2,	1.00,	'subkriteria',	'2017-09-20 14:58:32',	'2017-09-20 14:58:32'),
(2,	3,	2.00,	'subkriteria',	'2017-09-20 14:58:32',	'2017-09-20 14:58:32'),
(2,	4,	3.00,	'subkriteria',	'2017-09-20 14:58:32',	'2017-09-20 14:58:32'),
(3,	1,	0.33,	'subkriteria',	'2017-09-20 14:58:32',	'2017-09-20 14:58:32'),
(3,	2,	0.50,	'subkriteria',	'2017-09-20 14:58:32',	'2017-09-20 14:58:32'),
(3,	3,	1.00,	'subkriteria',	'2017-09-20 14:58:32',	'2017-09-20 14:58:32'),
(3,	4,	2.00,	'subkriteria',	'2017-09-20 14:58:32',	'2017-09-20 14:58:32'),
(4,	1,	0.20,	'subkriteria',	'2017-09-20 14:58:32',	'2017-09-20 14:58:32'),
(4,	2,	0.50,	'subkriteria',	'2017-09-20 14:58:32',	'2017-09-20 14:58:32'),
(4,	3,	0.50,	'subkriteria',	'2017-09-20 14:58:32',	'2017-09-20 14:58:32'),
(4,	4,	1.00,	'subkriteria',	'2017-09-20 14:58:32',	'2017-09-20 14:58:32'),
(5,	5,	1.00,	'subkriteria',	'2017-09-20 15:06:01',	'2017-09-20 15:06:01'),
(5,	6,	3.00,	'subkriteria',	'2017-09-20 15:06:01',	'2017-09-20 15:06:01'),
(5,	7,	5.00,	'subkriteria',	'2017-09-20 15:06:01',	'2017-09-20 15:06:01'),
(5,	8,	5.00,	'subkriteria',	'2017-09-20 15:06:01',	'2017-09-20 15:06:01'),
(6,	5,	0.33,	'subkriteria',	'2017-09-20 15:06:01',	'2017-09-20 15:06:01'),
(6,	6,	1.00,	'subkriteria',	'2017-09-20 15:06:01',	'2017-09-20 15:06:01'),
(6,	7,	3.00,	'subkriteria',	'2017-09-20 15:06:01',	'2017-09-20 15:06:01'),
(6,	8,	5.00,	'subkriteria',	'2017-09-20 15:06:01',	'2017-09-20 15:06:01'),
(7,	5,	0.20,	'subkriteria',	'2017-09-20 15:06:01',	'2017-09-20 15:06:01'),
(7,	6,	0.33,	'subkriteria',	'2017-09-20 15:06:01',	'2017-09-20 15:06:01'),
(7,	7,	1.00,	'subkriteria',	'2017-09-20 15:06:01',	'2017-09-20 15:06:01'),
(7,	8,	3.00,	'subkriteria',	'2017-09-20 15:06:01',	'2017-09-20 15:06:01'),
(8,	5,	0.20,	'subkriteria',	'2017-09-20 15:06:01',	'2017-09-20 15:06:01'),
(8,	6,	0.33,	'subkriteria',	'2017-09-20 15:06:01',	'2017-09-20 15:06:01'),
(8,	7,	0.20,	'subkriteria',	'2017-09-20 15:06:01',	'2017-09-20 15:06:01'),
(8,	8,	1.00,	'subkriteria',	'2017-09-20 15:06:01',	'2017-09-20 15:06:01'),
(9,	9,	1.00,	'subkriteria',	'2017-09-20 15:12:32',	'2017-09-20 15:12:32'),
(9,	10,	2.00,	'subkriteria',	'2017-09-20 15:12:32',	'2017-09-20 15:12:32'),
(9,	11,	2.00,	'subkriteria',	'2017-09-20 15:12:32',	'2017-09-20 15:12:32'),
(9,	12,	5.00,	'subkriteria',	'2017-09-20 15:12:32',	'2017-09-20 15:12:32'),
(10,	9,	0.50,	'subkriteria',	'2017-09-20 15:12:32',	'2017-09-20 15:12:32'),
(10,	10,	1.00,	'subkriteria',	'2017-09-20 15:12:32',	'2017-09-20 15:12:32'),
(10,	11,	2.00,	'subkriteria',	'2017-09-20 15:12:32',	'2017-09-20 15:12:32'),
(10,	12,	2.00,	'subkriteria',	'2017-09-20 15:12:32',	'2017-09-20 15:12:32'),
(11,	9,	0.50,	'subkriteria',	'2017-09-20 15:12:32',	'2017-09-20 15:12:32'),
(11,	10,	0.50,	'subkriteria',	'2017-09-20 15:12:32',	'2017-09-20 15:12:32'),
(11,	11,	1.00,	'subkriteria',	'2017-09-20 15:12:32',	'2017-09-20 15:12:32'),
(11,	12,	2.00,	'subkriteria',	'2017-09-20 15:12:32',	'2017-09-20 15:12:32'),
(12,	9,	0.20,	'subkriteria',	'2017-09-20 15:12:32',	'2017-09-20 15:12:32'),
(12,	10,	0.50,	'subkriteria',	'2017-09-20 15:12:32',	'2017-09-20 15:12:32'),
(12,	11,	0.50,	'subkriteria',	'2017-09-20 15:12:32',	'2017-09-20 15:12:32'),
(12,	12,	1.00,	'subkriteria',	'2017-09-20 15:12:32',	'2017-09-20 15:12:32'),
(13,	13,	1.00,	'subkriteria',	'2017-09-20 15:27:08',	'2017-09-20 15:27:08'),
(13,	14,	3.00,	'subkriteria',	'2017-09-20 15:27:08',	'2017-09-20 15:27:08'),
(13,	15,	4.00,	'subkriteria',	'2017-09-20 15:27:08',	'2017-09-20 15:27:08'),
(13,	16,	7.00,	'subkriteria',	'2017-09-20 15:27:08',	'2017-09-20 15:27:08'),
(14,	13,	0.33,	'subkriteria',	'2017-09-20 15:27:08',	'2017-09-20 15:27:08'),
(14,	14,	1.00,	'subkriteria',	'2017-09-20 15:27:08',	'2017-09-20 15:27:08'),
(14,	15,	3.00,	'subkriteria',	'2017-09-20 15:27:08',	'2017-09-20 15:27:08'),
(14,	16,	5.00,	'subkriteria',	'2017-09-20 15:27:08',	'2017-09-20 15:27:08'),
(15,	13,	0.25,	'subkriteria',	'2017-09-20 15:27:08',	'2017-09-20 15:27:08'),
(15,	14,	0.33,	'subkriteria',	'2017-09-20 15:27:08',	'2017-09-20 15:27:08'),
(15,	15,	1.00,	'subkriteria',	'2017-09-20 15:27:08',	'2017-09-20 15:27:08'),
(15,	16,	3.00,	'subkriteria',	'2017-09-20 15:27:08',	'2017-09-20 15:27:08'),
(16,	13,	0.14,	'subkriteria',	'2017-09-20 15:27:08',	'2017-09-20 15:27:08'),
(16,	14,	0.20,	'subkriteria',	'2017-09-20 15:27:08',	'2017-09-20 15:27:08'),
(16,	15,	0.30,	'subkriteria',	'2017-09-20 15:27:08',	'2017-09-20 15:27:08'),
(16,	16,	1.00,	'subkriteria',	'2017-09-20 15:27:09',	'2017-09-20 15:27:09');

DROP TABLE IF EXISTS `kriterias`;
CREATE TABLE `kriterias` (
  `id` int(10) unsigned NOT NULL AUTO_INCREMENT,
  `nama` varchar(20) COLLATE utf8mb4_unicode_ci NOT NULL,
  `created_at` timestamp NULL DEFAULT NULL,
  `updated_at` timestamp NULL DEFAULT NULL,
  PRIMARY KEY (`id`)
) ENGINE=InnoDB DEFAULT CHARSET=utf8mb4 COLLATE=utf8mb4_unicode_ci;

INSERT INTO `kriterias` (`id`, `nama`, `created_at`, `updated_at`) VALUES
(1,	'Rata-Rata Rapot',	'2017-09-20 14:42:23',	'2017-09-20 14:42:23'),
(2,	'Tingkat Hadir',	'2017-09-20 14:42:23',	'2017-09-20 14:42:23'),
(3,	'Sikap',	'2017-09-20 14:42:23',	'2017-09-20 14:42:23'),
(4,	'Jumlah Extra',	'2017-09-20 14:42:23',	'2017-09-20 14:42:23');

DROP TABLE IF EXISTS `matrik_hasils`;
CREATE TABLE `matrik_hasils` (
  `id` int(10) unsigned NOT NULL AUTO_INCREMENT,
  `kriteria` varchar(20) COLLATE utf8_unicode_ci NOT NULL,
  `prioritas` double(8,2) NOT NULL,
  `status` varchar(20) COLLATE utf8_unicode_ci NOT NULL,
  `created_at` timestamp NULL DEFAULT NULL,
  `updated_at` timestamp NULL DEFAULT NULL,
  PRIMARY KEY (`id`)
) ENGINE=InnoDB DEFAULT CHARSET=utf8 COLLATE=utf8_unicode_ci;

INSERT INTO `matrik_hasils` (`id`, `kriteria`, `prioritas`, `status`, `created_at`, `updated_at`) VALUES
(1,	'Rata-Rata Rapot',	0.56,	'main',	'2017-09-21 10:09:39',	'2017-09-21 10:09:39'),
(2,	'Tingkat Hadir',	0.26,	'main',	'2017-09-21 10:09:39',	'2017-09-21 10:09:39'),
(3,	'Sikap',	0.12,	'main',	'2017-09-21 10:09:39',	'2017-09-21 10:09:39'),
(4,	'Jumlah Extra',	0.05,	'main',	'2017-09-21 10:09:39',	'2017-09-21 10:09:39'),
(5,	'4,00',	0.48,	'subRata',	'2017-09-21 10:09:39',	'2017-09-21 10:09:39'),
(6,	'3,00-3,90',	0.27,	'subRata',	'2017-09-21 10:09:39',	'2017-09-21 10:09:39'),
(7,	'2,00-2,90',	0.16,	'subRata',	'2017-09-21 10:09:39',	'2017-09-21 10:09:39'),
(8,	'1,00-1,90',	0.10,	'subRata',	'2017-09-21 10:09:39',	'2017-09-21 10:09:39'),
(9,	'Tidak Ada Alfa',	0.53,	'subHadir',	'2017-09-21 10:09:39',	'2017-09-21 10:09:39'),
(10,	'1 Alfa',	0.27,	'subHadir',	'2017-09-21 10:09:39',	'2017-09-21 10:09:39'),
(11,	'2 Alfa',	0.13,	'subHadir',	'2017-09-21 10:09:39',	'2017-09-21 10:09:39'),
(12,	'3 Alfa',	0.07,	'subHadir',	'2017-09-21 10:09:39',	'2017-09-21 10:09:39'),
(13,	'A',	0.45,	'subSikap',	'2017-09-21 10:09:39',	'2017-09-21 10:09:39'),
(14,	'B',	0.26,	'subSikap',	'2017-09-21 10:09:39',	'2017-09-21 10:09:39'),
(15,	'C',	0.19,	'subSikap',	'2017-09-21 10:09:39',	'2017-09-21 10:09:39'),
(16,	'D',	0.10,	'subSikap',	'2017-09-21 10:09:39',	'2017-09-21 10:09:39'),
(17,	'3 Extra',	0.54,	'subExtra',	'2017-09-21 10:09:39',	'2017-09-21 10:09:39'),
(18,	'2 Extra',	0.27,	'subExtra',	'2017-09-21 10:09:39',	'2017-09-21 10:09:39'),
(19,	'1 Extra',	0.13,	'subExtra',	'2017-09-21 10:09:39',	'2017-09-21 10:09:39'),
(20,	'0 Extra',	0.06,	'subExtra',	'2017-09-21 10:09:39',	'2017-09-21 10:09:39');

DROP TABLE IF EXISTS `migrations`;
CREATE TABLE `migrations` (
  `id` int(10) unsigned NOT NULL AUTO_INCREMENT,
  `migration` varchar(191) COLLATE utf8mb4_unicode_ci NOT NULL,
  `batch` int(11) NOT NULL,
  PRIMARY KEY (`id`)
) ENGINE=InnoDB DEFAULT CHARSET=utf8mb4 COLLATE=utf8mb4_unicode_ci;

INSERT INTO `migrations` (`id`, `migration`, `batch`) VALUES
(1,	'2014_10_12_000000_create_users_table',	1),
(2,	'2014_10_12_100000_create_password_resets_table',	1),
(3,	'2017_09_20_101719_create_kriterias_table',	1),
(4,	'2017_09_20_101914_create_subkriterias_table',	1),
(5,	'2017_09_20_102133_create_bandingkriterias_table',	1),
(6,	'2017_09_20_103021_create_siswas_table',	1),
(10,	'2017_09_21_122135_create_matrik_hasil_table',	4),
(12,	'2017_09_20_103047_create_nilai_siswas_table',	5),
(13,	'2017_09_21_155507_create_ahp_siswas_table',	5);

DROP TABLE IF EXISTS `nilai_siswas`;
CREATE TABLE `nilai_siswas` (
  `id` int(10) unsigned NOT NULL AUTO_INCREMENT,
  `id_siswas` int(10) unsigned NOT NULL,
  `nilai_rata` double(8,2) NOT NULL,
  `tingkat_hadir` varchar(20) COLLATE utf8_unicode_ci NOT NULL,
  `sikap` enum('A','B','C','D') COLLATE utf8_unicode_ci NOT NULL,
  `jumlah_extra` varchar(20) COLLATE utf8_unicode_ci NOT NULL,
  `created_at` timestamp NULL DEFAULT NULL,
  `updated_at` timestamp NULL DEFAULT NULL,
  PRIMARY KEY (`id`),
  KEY `nilai_siswas_id_siswas_index` (`id_siswas`),
  CONSTRAINT `nilai_siswas_id_siswas_foreign` FOREIGN KEY (`id_siswas`) REFERENCES `siswas` (`id`) ON DELETE CASCADE
) ENGINE=InnoDB DEFAULT CHARSET=utf8 COLLATE=utf8_unicode_ci;

INSERT INTO `nilai_siswas` (`id`, `id_siswas`, `nilai_rata`, `tingkat_hadir`, `sikap`, `jumlah_extra`, `created_at`, `updated_at`) VALUES
(1,	4,	2.09,	'3 Alfa',	'D',	'0 Extra',	'2017-09-23 11:53:34',	'2017-09-23 11:53:34'),
(2,	5,	1.85,	'Tidak Ada Alfa',	'C',	'2 Extra',	'2017-09-23 11:53:34',	'2017-09-23 11:53:34'),
(3,	6,	2.22,	'Tidak Ada Alfa',	'D',	'1 Extra',	'2017-09-23 11:53:34',	'2017-09-23 11:53:34'),
(4,	7,	0.06,	'1 Alfa',	'C',	'2 Extra',	'2017-09-23 11:53:34',	'2017-09-23 11:53:34'),
(5,	8,	2.37,	'2 Alfa',	'A',	'1 Extra',	'2017-09-23 11:53:34',	'2017-09-23 11:53:34'),
(6,	9,	2.41,	'2 Alfa',	'A',	'0 Extra',	'2017-09-23 11:53:34',	'2017-09-23 11:53:34'),
(7,	10,	2.47,	'Tidak Ada Alfa',	'C',	'2 Extra',	'2017-09-23 11:53:34',	'2017-09-23 11:53:34'),
(8,	11,	3.76,	'1 Alfa',	'A',	'2 Extra',	'2017-09-23 11:53:34',	'2017-09-23 11:53:34'),
(9,	12,	3.09,	'3 Alfa',	'A',	'1 Extra',	'2017-09-23 11:53:34',	'2017-09-23 11:53:34'),
(10,	13,	3.93,	'2 Alfa',	'B',	'1 Extra',	'2017-09-23 11:53:34',	'2017-09-23 11:53:34'),
(11,	14,	0.68,	'Tidak Ada Alfa',	'A',	'0 Extra',	'2017-09-23 11:53:34',	'2017-09-23 11:53:34'),
(12,	15,	2.92,	'Tidak Ada Alfa',	'B',	'2 Extra',	'2017-09-23 11:53:34',	'2017-09-23 11:53:34'),
(13,	16,	3.63,	'1 Alfa',	'C',	'0 Extra',	'2017-09-23 11:53:35',	'2017-09-23 11:53:35'),
(14,	17,	3.70,	'2 Alfa',	'A',	'0 Extra',	'2017-09-23 11:53:35',	'2017-09-23 11:53:35'),
(15,	18,	3.72,	'2 Alfa',	'C',	'0 Extra',	'2017-09-23 11:53:35',	'2017-09-23 11:53:35'),
(16,	19,	3.19,	'Tidak Ada Alfa',	'B',	'3 Extra',	'2017-09-23 11:53:35',	'2017-09-23 11:53:35'),
(17,	20,	1.42,	'3 Alfa',	'A',	'2 Extra',	'2017-09-23 11:53:35',	'2017-09-23 11:53:35'),
(18,	21,	2.88,	'3 Alfa',	'B',	'0 Extra',	'2017-09-23 11:53:35',	'2017-09-23 11:53:35'),
(19,	22,	1.02,	'3 Alfa',	'B',	'1 Extra',	'2017-09-23 11:53:35',	'2017-09-23 11:53:35'),
(20,	23,	0.47,	'Tidak Ada Alfa',	'B',	'1 Extra',	'2017-09-23 11:53:35',	'2017-09-23 11:53:35'),
(21,	24,	2.26,	'2 Alfa',	'D',	'1 Extra',	'2017-09-23 11:53:35',	'2017-09-23 11:53:35'),
(22,	25,	1.64,	'1 Alfa',	'C',	'1 Extra',	'2017-09-23 11:53:35',	'2017-09-23 11:53:35'),
(23,	26,	1.72,	'1 Alfa',	'A',	'0 Extra',	'2017-09-23 11:53:35',	'2017-09-23 11:53:35'),
(24,	27,	1.30,	'3 Alfa',	'C',	'1 Extra',	'2017-09-23 11:53:35',	'2017-09-23 11:53:35'),
(25,	28,	3.75,	'3 Alfa',	'C',	'0 Extra',	'2017-09-23 11:53:35',	'2017-09-23 11:53:35'),
(26,	29,	2.94,	'3 Alfa',	'D',	'3 Extra',	'2017-09-23 11:53:35',	'2017-09-23 11:53:35'),
(27,	30,	2.39,	'1 Alfa',	'B',	'1 Extra',	'2017-09-23 11:53:36',	'2017-09-23 11:53:36'),
(28,	31,	2.27,	'Tidak Ada Alfa',	'C',	'1 Extra',	'2017-09-23 11:53:36',	'2017-09-23 11:53:36'),
(29,	32,	1.81,	'1 Alfa',	'A',	'1 Extra',	'2017-09-23 11:53:36',	'2017-09-23 11:53:36'),
(30,	33,	3.67,	'2 Alfa',	'B',	'0 Extra',	'2017-09-23 11:53:36',	'2017-09-23 11:53:36'),
(31,	34,	3.32,	'Tidak Ada Alfa',	'C',	'2 Extra',	'2017-09-23 11:53:36',	'2017-09-23 11:53:36'),
(32,	35,	3.60,	'3 Alfa',	'D',	'3 Extra',	'2017-09-23 11:53:36',	'2017-09-23 11:53:36'),
(33,	36,	1.70,	'3 Alfa',	'B',	'1 Extra',	'2017-09-23 11:53:36',	'2017-09-23 11:53:36'),
(34,	37,	2.82,	'1 Alfa',	'D',	'1 Extra',	'2017-09-23 11:53:36',	'2017-09-23 11:53:36'),
(35,	38,	1.54,	'2 Alfa',	'A',	'2 Extra',	'2017-09-23 11:53:36',	'2017-09-23 11:53:36'),
(36,	39,	2.58,	'3 Alfa',	'A',	'0 Extra',	'2017-09-23 11:53:36',	'2017-09-23 11:53:36'),
(37,	40,	3.40,	'Tidak Ada Alfa',	'C',	'1 Extra',	'2017-09-23 11:53:36',	'2017-09-23 11:53:36'),
(38,	41,	1.95,	'1 Alfa',	'C',	'2 Extra',	'2017-09-23 11:53:36',	'2017-09-23 11:53:36'),
(39,	42,	1.10,	'Tidak Ada Alfa',	'C',	'2 Extra',	'2017-09-23 11:53:37',	'2017-09-23 11:53:37'),
(40,	43,	0.29,	'Tidak Ada Alfa',	'D',	'1 Extra',	'2017-09-23 11:53:37',	'2017-09-23 11:53:37'),
(41,	44,	2.50,	'1 Alfa',	'A',	'1 Extra',	'2017-09-23 11:53:37',	'2017-09-23 11:53:37'),
(42,	45,	3.17,	'3 Alfa',	'C',	'3 Extra',	'2017-09-23 11:53:37',	'2017-09-23 11:53:37'),
(43,	46,	2.86,	'3 Alfa',	'B',	'0 Extra',	'2017-09-23 11:53:37',	'2017-09-23 11:53:37'),
(44,	47,	3.17,	'1 Alfa',	'C',	'2 Extra',	'2017-09-23 11:53:37',	'2017-09-23 11:53:37'),
(45,	48,	1.77,	'3 Alfa',	'B',	'3 Extra',	'2017-09-23 11:53:37',	'2017-09-23 11:53:37'),
(46,	49,	0.31,	'2 Alfa',	'C',	'2 Extra',	'2017-09-23 11:53:37',	'2017-09-23 11:53:37'),
(47,	50,	2.40,	'1 Alfa',	'B',	'2 Extra',	'2017-09-23 11:53:37',	'2017-09-23 11:53:37'),
(48,	51,	1.25,	'2 Alfa',	'B',	'3 Extra',	'2017-09-23 11:53:37',	'2017-09-23 11:53:37'),
(49,	52,	3.02,	'2 Alfa',	'D',	'3 Extra',	'2017-09-23 11:53:37',	'2017-09-23 11:53:37'),
(50,	53,	1.98,	'2 Alfa',	'C',	'3 Extra',	'2017-09-23 11:53:37',	'2017-09-23 11:53:37'),
(51,	54,	2.87,	'3 Alfa',	'B',	'3 Extra',	'2017-09-23 11:53:37',	'2017-09-23 11:53:37'),
(52,	55,	1.02,	'3 Alfa',	'B',	'0 Extra',	'2017-09-23 11:53:37',	'2017-09-23 11:53:37'),
(53,	56,	3.03,	'Tidak Ada Alfa',	'C',	'2 Extra',	'2017-09-23 11:53:37',	'2017-09-23 11:53:37'),
(54,	57,	3.92,	'Tidak Ada Alfa',	'A',	'3 Extra',	'2017-09-23 11:53:38',	'2017-09-23 11:53:38'),
(55,	58,	2.07,	'2 Alfa',	'D',	'3 Extra',	'2017-09-23 11:53:38',	'2017-09-23 11:53:38'),
(56,	59,	1.57,	'Tidak Ada Alfa',	'B',	'2 Extra',	'2017-09-23 11:53:38',	'2017-09-23 11:53:38'),
(57,	60,	0.13,	'1 Alfa',	'D',	'0 Extra',	'2017-09-23 11:53:38',	'2017-09-23 11:53:38'),
(58,	61,	0.93,	'1 Alfa',	'C',	'0 Extra',	'2017-09-23 11:53:38',	'2017-09-23 11:53:38'),
(59,	62,	0.64,	'3 Alfa',	'B',	'3 Extra',	'2017-09-23 11:53:38',	'2017-09-23 11:53:38'),
(60,	63,	3.02,	'3 Alfa',	'C',	'3 Extra',	'2017-09-23 11:53:38',	'2017-09-23 11:53:38'),
(61,	64,	1.87,	'3 Alfa',	'C',	'3 Extra',	'2017-09-23 11:53:38',	'2017-09-23 11:53:38'),
(62,	65,	0.55,	'Tidak Ada Alfa',	'C',	'3 Extra',	'2017-09-23 11:53:38',	'2017-09-23 11:53:38'),
(63,	66,	3.42,	'3 Alfa',	'B',	'3 Extra',	'2017-09-23 11:53:38',	'2017-09-23 11:53:38'),
(64,	67,	0.73,	'2 Alfa',	'C',	'0 Extra',	'2017-09-23 11:53:38',	'2017-09-23 11:53:38'),
(65,	68,	2.46,	'3 Alfa',	'D',	'0 Extra',	'2017-09-23 11:53:38',	'2017-09-23 11:53:38'),
(66,	69,	2.01,	'1 Alfa',	'D',	'1 Extra',	'2017-09-23 11:53:38',	'2017-09-23 11:53:38'),
(67,	70,	1.31,	'1 Alfa',	'C',	'1 Extra',	'2017-09-23 11:53:39',	'2017-09-23 11:53:39'),
(68,	71,	3.47,	'2 Alfa',	'A',	'1 Extra',	'2017-09-23 11:53:39',	'2017-09-23 11:53:39'),
(69,	72,	3.87,	'3 Alfa',	'B',	'3 Extra',	'2017-09-23 11:53:39',	'2017-09-23 11:53:39'),
(70,	73,	1.26,	'3 Alfa',	'C',	'2 Extra',	'2017-09-23 11:53:39',	'2017-09-23 11:53:39'),
(71,	74,	0.87,	'Tidak Ada Alfa',	'C',	'3 Extra',	'2017-09-23 11:53:39',	'2017-09-23 11:53:39'),
(72,	75,	1.18,	'3 Alfa',	'A',	'1 Extra',	'2017-09-23 11:53:39',	'2017-09-23 11:53:39'),
(73,	76,	0.45,	'2 Alfa',	'C',	'0 Extra',	'2017-09-23 11:53:39',	'2017-09-23 11:53:39'),
(74,	77,	1.43,	'3 Alfa',	'D',	'1 Extra',	'2017-09-23 11:53:39',	'2017-09-23 11:53:39'),
(75,	78,	0.91,	'1 Alfa',	'B',	'1 Extra',	'2017-09-23 11:53:39',	'2017-09-23 11:53:39'),
(76,	79,	1.01,	'3 Alfa',	'C',	'3 Extra',	'2017-09-23 11:53:39',	'2017-09-23 11:53:39'),
(77,	80,	3.16,	'2 Alfa',	'D',	'1 Extra',	'2017-09-23 11:53:39',	'2017-09-23 11:53:39'),
(78,	81,	0.15,	'2 Alfa',	'A',	'2 Extra',	'2017-09-23 11:53:39',	'2017-09-23 11:53:39'),
(79,	82,	1.48,	'Tidak Ada Alfa',	'A',	'0 Extra',	'2017-09-23 11:53:39',	'2017-09-23 11:53:39'),
(80,	83,	1.40,	'3 Alfa',	'C',	'0 Extra',	'2017-09-23 11:53:39',	'2017-09-23 11:53:39'),
(81,	84,	3.75,	'2 Alfa',	'D',	'1 Extra',	'2017-09-23 11:53:40',	'2017-09-23 11:53:40'),
(82,	85,	3.15,	'Tidak Ada Alfa',	'A',	'1 Extra',	'2017-09-23 11:53:40',	'2017-09-23 11:53:40'),
(83,	86,	1.19,	'Tidak Ada Alfa',	'D',	'1 Extra',	'2017-09-23 11:53:40',	'2017-09-23 11:53:40'),
(84,	87,	3.08,	'3 Alfa',	'C',	'2 Extra',	'2017-09-23 11:53:40',	'2017-09-23 11:53:40'),
(85,	88,	0.89,	'2 Alfa',	'C',	'2 Extra',	'2017-09-23 11:53:40',	'2017-09-23 11:53:40'),
(86,	89,	2.99,	'2 Alfa',	'D',	'0 Extra',	'2017-09-23 11:53:40',	'2017-09-23 11:53:40'),
(87,	90,	1.02,	'2 Alfa',	'C',	'1 Extra',	'2017-09-23 11:53:40',	'2017-09-23 11:53:40'),
(88,	91,	0.79,	'3 Alfa',	'A',	'3 Extra',	'2017-09-23 11:53:40',	'2017-09-23 11:53:40'),
(89,	92,	2.29,	'3 Alfa',	'C',	'0 Extra',	'2017-09-23 11:53:40',	'2017-09-23 11:53:40'),
(90,	93,	0.16,	'1 Alfa',	'C',	'0 Extra',	'2017-09-23 11:53:40',	'2017-09-23 11:53:40'),
(91,	94,	0.90,	'2 Alfa',	'A',	'2 Extra',	'2017-09-23 11:53:40',	'2017-09-23 11:53:40'),
(92,	95,	1.41,	'Tidak Ada Alfa',	'C',	'1 Extra',	'2017-09-23 11:53:40',	'2017-09-23 11:53:40'),
(93,	96,	3.19,	'2 Alfa',	'A',	'1 Extra',	'2017-09-23 11:53:40',	'2017-09-23 11:53:40'),
(94,	97,	3.08,	'Tidak Ada Alfa',	'C',	'1 Extra',	'2017-09-23 11:53:41',	'2017-09-23 11:53:41'),
(95,	98,	2.52,	'3 Alfa',	'D',	'3 Extra',	'2017-09-23 11:53:41',	'2017-09-23 11:53:41'),
(96,	99,	0.66,	'Tidak Ada Alfa',	'C',	'1 Extra',	'2017-09-23 11:53:41',	'2017-09-23 11:53:41'),
(97,	100,	1.62,	'1 Alfa',	'D',	'3 Extra',	'2017-09-23 11:53:41',	'2017-09-23 11:53:41'),
(98,	101,	2.76,	'1 Alfa',	'C',	'3 Extra',	'2017-09-23 11:53:41',	'2017-09-23 11:53:41'),
(99,	102,	2.33,	'2 Alfa',	'D',	'1 Extra',	'2017-09-23 11:53:41',	'2017-09-23 11:53:41'),
(100,	103,	3.00,	'2 Alfa',	'C',	'2 Extra',	'2017-09-23 11:53:41',	'2017-09-23 11:53:41'),
(101,	104,	0.77,	'1 Alfa',	'C',	'1 Extra',	'2017-09-23 11:53:41',	'2017-09-23 11:53:41'),
(102,	105,	1.26,	'3 Alfa',	'D',	'0 Extra',	'2017-09-23 11:53:41',	'2017-09-23 11:53:41'),
(103,	106,	3.81,	'2 Alfa',	'A',	'2 Extra',	'2017-09-23 11:53:41',	'2017-09-23 11:53:41'),
(104,	107,	2.84,	'1 Alfa',	'C',	'0 Extra',	'2017-09-23 11:53:41',	'2017-09-23 11:53:41'),
(105,	108,	2.93,	'1 Alfa',	'C',	'1 Extra',	'2017-09-23 11:53:41',	'2017-09-23 11:53:41'),
(106,	109,	3.80,	'3 Alfa',	'A',	'2 Extra',	'2017-09-23 11:53:41',	'2017-09-23 11:53:41'),
(107,	110,	3.93,	'Tidak Ada Alfa',	'A',	'0 Extra',	'2017-09-23 11:53:41',	'2017-09-23 11:53:41'),
(108,	111,	1.90,	'2 Alfa',	'D',	'0 Extra',	'2017-09-23 11:53:41',	'2017-09-23 11:53:41'),
(109,	112,	1.62,	'3 Alfa',	'B',	'2 Extra',	'2017-09-23 11:53:42',	'2017-09-23 11:53:42'),
(110,	113,	3.94,	'3 Alfa',	'A',	'2 Extra',	'2017-09-23 11:53:42',	'2017-09-23 11:53:42'),
(111,	114,	1.45,	'3 Alfa',	'B',	'3 Extra',	'2017-09-23 11:53:42',	'2017-09-23 11:53:42'),
(112,	115,	2.84,	'2 Alfa',	'D',	'1 Extra',	'2017-09-23 11:53:42',	'2017-09-23 11:53:42'),
(113,	116,	3.28,	'3 Alfa',	'D',	'3 Extra',	'2017-09-23 11:53:42',	'2017-09-23 11:53:42'),
(114,	117,	0.15,	'3 Alfa',	'A',	'2 Extra',	'2017-09-23 11:53:42',	'2017-09-23 11:53:42'),
(115,	118,	0.92,	'3 Alfa',	'D',	'0 Extra',	'2017-09-23 11:53:42',	'2017-09-23 11:53:42'),
(116,	119,	2.57,	'2 Alfa',	'B',	'2 Extra',	'2017-09-23 11:53:42',	'2017-09-23 11:53:42'),
(117,	120,	0.43,	'Tidak Ada Alfa',	'D',	'2 Extra',	'2017-09-23 11:53:42',	'2017-09-23 11:53:42'),
(118,	121,	2.96,	'1 Alfa',	'A',	'2 Extra',	'2017-09-23 11:53:42',	'2017-09-23 11:53:42'),
(119,	122,	1.53,	'3 Alfa',	'A',	'3 Extra',	'2017-09-23 11:53:42',	'2017-09-23 11:53:42'),
(120,	123,	0.85,	'2 Alfa',	'B',	'1 Extra',	'2017-09-23 11:53:42',	'2017-09-23 11:53:42'),
(121,	124,	0.58,	'1 Alfa',	'D',	'0 Extra',	'2017-09-23 11:53:42',	'2017-09-23 11:53:42'),
(122,	125,	1.69,	'1 Alfa',	'D',	'2 Extra',	'2017-09-23 11:53:42',	'2017-09-23 11:53:42'),
(123,	126,	2.97,	'3 Alfa',	'C',	'0 Extra',	'2017-09-23 11:53:43',	'2017-09-23 11:53:43'),
(124,	127,	3.39,	'3 Alfa',	'C',	'0 Extra',	'2017-09-23 11:53:43',	'2017-09-23 11:53:43'),
(125,	128,	1.25,	'3 Alfa',	'C',	'0 Extra',	'2017-09-23 11:53:43',	'2017-09-23 11:53:43'),
(126,	129,	0.39,	'1 Alfa',	'A',	'0 Extra',	'2017-09-23 11:53:43',	'2017-09-23 11:53:43'),
(127,	130,	1.97,	'1 Alfa',	'C',	'0 Extra',	'2017-09-23 11:53:43',	'2017-09-23 11:53:43'),
(128,	131,	3.44,	'2 Alfa',	'A',	'3 Extra',	'2017-09-23 11:53:43',	'2017-09-23 11:53:43'),
(129,	132,	2.03,	'1 Alfa',	'A',	'0 Extra',	'2017-09-23 11:53:43',	'2017-09-23 11:53:43'),
(130,	133,	0.77,	'Tidak Ada Alfa',	'B',	'0 Extra',	'2017-09-23 11:53:43',	'2017-09-23 11:53:43'),
(131,	134,	3.51,	'2 Alfa',	'A',	'2 Extra',	'2017-09-23 11:53:43',	'2017-09-23 11:53:43'),
(132,	135,	0.81,	'Tidak Ada Alfa',	'B',	'1 Extra',	'2017-09-23 11:53:43',	'2017-09-23 11:53:43'),
(133,	136,	0.68,	'1 Alfa',	'D',	'1 Extra',	'2017-09-23 11:53:43',	'2017-09-23 11:53:43'),
(134,	137,	0.63,	'2 Alfa',	'D',	'1 Extra',	'2017-09-23 11:53:43',	'2017-09-23 11:53:43'),
(135,	138,	2.88,	'1 Alfa',	'B',	'3 Extra',	'2017-09-23 11:53:43',	'2017-09-23 11:53:43'),
(136,	139,	1.47,	'2 Alfa',	'D',	'3 Extra',	'2017-09-23 11:53:43',	'2017-09-23 11:53:43'),
(137,	140,	0.19,	'2 Alfa',	'C',	'3 Extra',	'2017-09-23 11:53:43',	'2017-09-23 11:53:43'),
(138,	141,	0.45,	'2 Alfa',	'A',	'2 Extra',	'2017-09-23 11:53:44',	'2017-09-23 11:53:44'),
(139,	142,	1.98,	'1 Alfa',	'C',	'2 Extra',	'2017-09-23 11:53:44',	'2017-09-23 11:53:44'),
(140,	143,	1.44,	'3 Alfa',	'B',	'2 Extra',	'2017-09-23 11:53:44',	'2017-09-23 11:53:44'),
(141,	144,	0.98,	'2 Alfa',	'C',	'2 Extra',	'2017-09-23 11:53:44',	'2017-09-23 11:53:44'),
(142,	145,	3.82,	'Tidak Ada Alfa',	'B',	'0 Extra',	'2017-09-23 11:53:44',	'2017-09-23 11:53:44'),
(143,	146,	3.14,	'2 Alfa',	'C',	'0 Extra',	'2017-09-23 11:53:44',	'2017-09-23 11:53:44'),
(144,	147,	0.21,	'Tidak Ada Alfa',	'B',	'3 Extra',	'2017-09-23 11:53:44',	'2017-09-23 11:53:44'),
(145,	148,	3.66,	'1 Alfa',	'C',	'2 Extra',	'2017-09-23 11:53:44',	'2017-09-23 11:53:44'),
(146,	149,	2.14,	'Tidak Ada Alfa',	'C',	'1 Extra',	'2017-09-23 11:53:44',	'2017-09-23 11:53:44'),
(147,	150,	1.90,	'2 Alfa',	'D',	'0 Extra',	'2017-09-23 11:53:44',	'2017-09-23 11:53:44'),
(148,	151,	0.37,	'2 Alfa',	'A',	'0 Extra',	'2017-09-23 11:53:44',	'2017-09-23 11:53:44'),
(149,	152,	3.46,	'1 Alfa',	'B',	'3 Extra',	'2017-09-23 11:53:44',	'2017-09-23 11:53:44'),
(150,	153,	0.54,	'3 Alfa',	'C',	'3 Extra',	'2017-09-23 11:53:44',	'2017-09-23 11:53:44'),
(151,	154,	2.68,	'1 Alfa',	'B',	'2 Extra',	'2017-09-23 11:53:44',	'2017-09-23 11:53:44'),
(152,	155,	0.70,	'3 Alfa',	'C',	'0 Extra',	'2017-09-23 11:53:45',	'2017-09-23 11:53:45'),
(153,	156,	2.32,	'2 Alfa',	'C',	'1 Extra',	'2017-09-23 11:53:45',	'2017-09-23 11:53:45'),
(154,	157,	2.48,	'1 Alfa',	'D',	'2 Extra',	'2017-09-23 11:53:45',	'2017-09-23 11:53:45'),
(155,	158,	0.09,	'2 Alfa',	'C',	'0 Extra',	'2017-09-23 11:53:45',	'2017-09-23 11:53:45'),
(156,	159,	1.91,	'Tidak Ada Alfa',	'A',	'0 Extra',	'2017-09-23 11:53:45',	'2017-09-23 11:53:45'),
(157,	160,	0.69,	'1 Alfa',	'A',	'0 Extra',	'2017-09-23 11:53:45',	'2017-09-23 11:53:45'),
(158,	161,	1.09,	'3 Alfa',	'B',	'3 Extra',	'2017-09-23 11:53:45',	'2017-09-23 11:53:45'),
(159,	162,	0.26,	'Tidak Ada Alfa',	'A',	'3 Extra',	'2017-09-23 11:53:45',	'2017-09-23 11:53:45'),
(160,	163,	0.93,	'2 Alfa',	'B',	'2 Extra',	'2017-09-23 11:53:45',	'2017-09-23 11:53:45'),
(161,	164,	0.06,	'1 Alfa',	'C',	'2 Extra',	'2017-09-23 11:53:45',	'2017-09-23 11:53:45'),
(162,	165,	3.25,	'1 Alfa',	'A',	'3 Extra',	'2017-09-23 11:53:45',	'2017-09-23 11:53:45'),
(163,	166,	0.20,	'Tidak Ada Alfa',	'B',	'2 Extra',	'2017-09-23 11:53:45',	'2017-09-23 11:53:45'),
(164,	167,	2.91,	'Tidak Ada Alfa',	'C',	'3 Extra',	'2017-09-23 11:53:45',	'2017-09-23 11:53:45'),
(165,	168,	0.26,	'3 Alfa',	'B',	'2 Extra',	'2017-09-23 11:53:46',	'2017-09-23 11:53:46'),
(166,	169,	3.21,	'1 Alfa',	'A',	'0 Extra',	'2017-09-23 11:53:46',	'2017-09-23 11:53:46'),
(167,	170,	2.71,	'1 Alfa',	'A',	'3 Extra',	'2017-09-23 11:53:46',	'2017-09-23 11:53:46'),
(168,	171,	2.30,	'2 Alfa',	'A',	'3 Extra',	'2017-09-23 11:53:46',	'2017-09-23 11:53:46'),
(169,	172,	0.72,	'2 Alfa',	'C',	'2 Extra',	'2017-09-23 11:53:46',	'2017-09-23 11:53:46'),
(170,	173,	1.12,	'Tidak Ada Alfa',	'D',	'0 Extra',	'2017-09-23 11:53:46',	'2017-09-23 11:53:46'),
(171,	174,	3.38,	'1 Alfa',	'C',	'1 Extra',	'2017-09-23 11:53:46',	'2017-09-23 11:53:46'),
(172,	175,	1.80,	'1 Alfa',	'D',	'3 Extra',	'2017-09-23 11:53:46',	'2017-09-23 11:53:46'),
(173,	176,	2.75,	'3 Alfa',	'C',	'3 Extra',	'2017-09-23 11:53:46',	'2017-09-23 11:53:46'),
(174,	177,	0.30,	'1 Alfa',	'C',	'0 Extra',	'2017-09-23 11:53:46',	'2017-09-23 11:53:46'),
(175,	178,	1.69,	'3 Alfa',	'D',	'2 Extra',	'2017-09-23 11:53:46',	'2017-09-23 11:53:46'),
(176,	179,	1.73,	'2 Alfa',	'D',	'2 Extra',	'2017-09-23 11:53:46',	'2017-09-23 11:53:46'),
(177,	180,	3.00,	'2 Alfa',	'A',	'2 Extra',	'2017-09-23 11:53:46',	'2017-09-23 11:53:46'),
(178,	181,	3.94,	'3 Alfa',	'A',	'2 Extra',	'2017-09-23 11:53:46',	'2017-09-23 11:53:46'),
(179,	182,	3.56,	'Tidak Ada Alfa',	'D',	'2 Extra',	'2017-09-23 11:53:47',	'2017-09-23 11:53:47'),
(180,	183,	1.17,	'1 Alfa',	'C',	'3 Extra',	'2017-09-23 11:53:47',	'2017-09-23 11:53:47'),
(181,	184,	2.06,	'2 Alfa',	'B',	'0 Extra',	'2017-09-23 11:53:47',	'2017-09-23 11:53:47'),
(182,	185,	1.30,	'2 Alfa',	'D',	'0 Extra',	'2017-09-23 11:53:47',	'2017-09-23 11:53:47'),
(183,	186,	1.49,	'3 Alfa',	'A',	'3 Extra',	'2017-09-23 11:53:47',	'2017-09-23 11:53:47'),
(184,	187,	2.57,	'Tidak Ada Alfa',	'C',	'3 Extra',	'2017-09-23 11:53:47',	'2017-09-23 11:53:47'),
(185,	188,	2.42,	'1 Alfa',	'B',	'2 Extra',	'2017-09-23 11:53:47',	'2017-09-23 11:53:47'),
(186,	189,	0.43,	'2 Alfa',	'C',	'0 Extra',	'2017-09-23 11:53:47',	'2017-09-23 11:53:47'),
(187,	190,	3.70,	'3 Alfa',	'C',	'1 Extra',	'2017-09-23 11:53:47',	'2017-09-23 11:53:47'),
(188,	191,	1.85,	'Tidak Ada Alfa',	'B',	'2 Extra',	'2017-09-23 11:53:47',	'2017-09-23 11:53:47'),
(189,	192,	2.79,	'Tidak Ada Alfa',	'B',	'1 Extra',	'2017-09-23 11:53:47',	'2017-09-23 11:53:47'),
(190,	193,	3.55,	'2 Alfa',	'B',	'3 Extra',	'2017-09-23 11:53:47',	'2017-09-23 11:53:47'),
(191,	194,	2.84,	'Tidak Ada Alfa',	'C',	'0 Extra',	'2017-09-23 11:53:47',	'2017-09-23 11:53:47'),
(192,	195,	2.78,	'Tidak Ada Alfa',	'C',	'0 Extra',	'2017-09-23 11:53:47',	'2017-09-23 11:53:47'),
(193,	196,	2.36,	'Tidak Ada Alfa',	'D',	'2 Extra',	'2017-09-23 11:53:48',	'2017-09-23 11:53:48'),
(194,	197,	0.88,	'Tidak Ada Alfa',	'A',	'1 Extra',	'2017-09-23 11:53:48',	'2017-09-23 11:53:48'),
(195,	198,	3.58,	'1 Alfa',	'A',	'0 Extra',	'2017-09-23 11:53:48',	'2017-09-23 11:53:48'),
(196,	199,	0.47,	'3 Alfa',	'A',	'2 Extra',	'2017-09-23 11:53:48',	'2017-09-23 11:53:48'),
(197,	200,	3.97,	'Tidak Ada Alfa',	'D',	'2 Extra',	'2017-09-23 11:53:48',	'2017-09-23 11:53:48'),
(198,	201,	1.48,	'3 Alfa',	'C',	'1 Extra',	'2017-09-23 11:53:48',	'2017-09-23 11:53:48'),
(199,	202,	3.53,	'Tidak Ada Alfa',	'C',	'0 Extra',	'2017-09-23 11:53:48',	'2017-09-23 11:53:48'),
(200,	203,	2.96,	'3 Alfa',	'B',	'2 Extra',	'2017-09-23 11:53:48',	'2017-09-23 11:53:48'),
(202,	205,	2.32,	'Tidak Ada Alfa',	'B',	'1 Extra',	'2017-09-23 12:10:08',	'2017-09-23 12:10:08');

DROP TABLE IF EXISTS `password_resets`;
CREATE TABLE `password_resets` (
  `email` varchar(191) COLLATE utf8mb4_unicode_ci NOT NULL,
  `token` varchar(191) COLLATE utf8mb4_unicode_ci NOT NULL,
  `created_at` timestamp NULL DEFAULT NULL,
  KEY `password_resets_email_index` (`email`)
) ENGINE=InnoDB DEFAULT CHARSET=utf8mb4 COLLATE=utf8mb4_unicode_ci;


DROP TABLE IF EXISTS `siswas`;
CREATE TABLE `siswas` (
  `id` int(10) unsigned NOT NULL AUTO_INCREMENT,
  `nis` char(10) COLLATE utf8mb4_unicode_ci NOT NULL,
  `nama` varchar(30) COLLATE utf8mb4_unicode_ci NOT NULL,
  `jenis_kelamin` enum('Laki-Laki','Perempuan') COLLATE utf8mb4_unicode_ci NOT NULL,
  `created_at` timestamp NULL DEFAULT NULL,
  `updated_at` timestamp NULL DEFAULT NULL,
  PRIMARY KEY (`id`),
  UNIQUE KEY `siswas_nis_unique` (`nis`),
  KEY `id` (`id`)
) ENGINE=InnoDB DEFAULT CHARSET=utf8mb4 COLLATE=utf8mb4_unicode_ci;

INSERT INTO `siswas` (`id`, `nis`, `nama`, `jenis_kelamin`, `created_at`, `updated_at`) VALUES
(4,	'44612',	'Gaman Maheswara',	'Laki-Laki',	'2017-09-23 11:53:33',	'2017-09-23 11:53:33'),
(5,	'23701',	'Elisa Handayani',	'Perempuan',	'2017-09-23 11:53:34',	'2017-09-23 11:53:34'),
(6,	'80967',	'Puti Halim',	'Perempuan',	'2017-09-23 11:53:34',	'2017-09-23 11:53:34'),
(7,	'55665',	'Kani Laksita',	'Perempuan',	'2017-09-23 11:53:34',	'2017-09-23 11:53:34'),
(8,	'27671',	'Kani Irawan',	'Laki-Laki',	'2017-09-23 11:53:34',	'2017-09-23 11:53:34'),
(9,	'93268',	'Mustika Mandala',	'Laki-Laki',	'2017-09-23 11:53:34',	'2017-09-23 11:53:34'),
(10,	'05444',	'Kasusra Usada',	'Perempuan',	'2017-09-23 11:53:34',	'2017-09-23 11:53:34'),
(11,	'98981',	'Melinda Permata',	'Perempuan',	'2017-09-23 11:53:34',	'2017-09-23 11:53:34'),
(12,	'47594',	'Endah Mayasari',	'Perempuan',	'2017-09-23 11:53:34',	'2017-09-23 11:53:34'),
(13,	'60972',	'Najwa Gunawan',	'Laki-Laki',	'2017-09-23 11:53:34',	'2017-09-23 11:53:34'),
(14,	'44959',	'Wardaya Hutapea',	'Laki-Laki',	'2017-09-23 11:53:34',	'2017-09-23 11:53:34'),
(15,	'15033',	'Bakianto Rahmawati',	'Laki-Laki',	'2017-09-23 11:53:34',	'2017-09-23 11:53:34'),
(16,	'71610',	'Ayu Nuraini',	'Perempuan',	'2017-09-23 11:53:35',	'2017-09-23 11:53:35'),
(17,	'19827',	'Dadi Zulkarnain',	'Laki-Laki',	'2017-09-23 11:53:35',	'2017-09-23 11:53:35'),
(18,	'81262',	'Harto Prayoga',	'Laki-Laki',	'2017-09-23 11:53:35',	'2017-09-23 11:53:35'),
(19,	'05041',	'Violet Hidayanto',	'Laki-Laki',	'2017-09-23 11:53:35',	'2017-09-23 11:53:35'),
(20,	'90259',	'Syahrini Natsir',	'Laki-Laki',	'2017-09-23 11:53:35',	'2017-09-23 11:53:35'),
(21,	'09743',	'Kenzie Yolanda',	'Laki-Laki',	'2017-09-23 11:53:35',	'2017-09-23 11:53:35'),
(22,	'47786',	'Cornelia Lestari',	'Perempuan',	'2017-09-23 11:53:35',	'2017-09-23 11:53:35'),
(23,	'38463',	'Salimah Pratiwi',	'Perempuan',	'2017-09-23 11:53:35',	'2017-09-23 11:53:35'),
(24,	'79892',	'Oni Padmasari',	'Laki-Laki',	'2017-09-23 11:53:35',	'2017-09-23 11:53:35'),
(25,	'93602',	'Vivi Utama',	'Perempuan',	'2017-09-23 11:53:35',	'2017-09-23 11:53:35'),
(26,	'32495',	'Qori Kurniawan',	'Laki-Laki',	'2017-09-23 11:53:35',	'2017-09-23 11:53:35'),
(27,	'20597',	'Tiara Rahmawati',	'Perempuan',	'2017-09-23 11:53:35',	'2017-09-23 11:53:35'),
(28,	'76266',	'Paris Nasyidah',	'Laki-Laki',	'2017-09-23 11:53:35',	'2017-09-23 11:53:35'),
(29,	'97429',	'Embuh Narpati',	'Perempuan',	'2017-09-23 11:53:35',	'2017-09-23 11:53:35'),
(30,	'40223',	'Martana Uwais',	'Perempuan',	'2017-09-23 11:53:36',	'2017-09-23 11:53:36'),
(31,	'97385',	'Ifa Siregar',	'Perempuan',	'2017-09-23 11:53:36',	'2017-09-23 11:53:36'),
(32,	'93357',	'Lili Sihombing',	'Laki-Laki',	'2017-09-23 11:53:36',	'2017-09-23 11:53:36'),
(33,	'77845',	'Mahdi Prayoga',	'Perempuan',	'2017-09-23 11:53:36',	'2017-09-23 11:53:36'),
(34,	'95922',	'Ayu Yuniar',	'Laki-Laki',	'2017-09-23 11:53:36',	'2017-09-23 11:53:36'),
(35,	'19951',	'Tirta Prakasa',	'Laki-Laki',	'2017-09-23 11:53:36',	'2017-09-23 11:53:36'),
(36,	'74903',	'Maimunah Andriani',	'Laki-Laki',	'2017-09-23 11:53:36',	'2017-09-23 11:53:36'),
(37,	'99794',	'Nyoman Santoso',	'Laki-Laki',	'2017-09-23 11:53:36',	'2017-09-23 11:53:36'),
(38,	'51505',	'Nasab Maryati',	'Laki-Laki',	'2017-09-23 11:53:36',	'2017-09-23 11:53:36'),
(39,	'39616',	'Indah Kuswandari',	'Laki-Laki',	'2017-09-23 11:53:36',	'2017-09-23 11:53:36'),
(40,	'97319',	'Ivan Sihombing',	'Laki-Laki',	'2017-09-23 11:53:36',	'2017-09-23 11:53:36'),
(41,	'42848',	'Intan Nasyiah',	'Laki-Laki',	'2017-09-23 11:53:36',	'2017-09-23 11:53:36'),
(42,	'14894',	'Bakijan Tarihoran',	'Perempuan',	'2017-09-23 11:53:36',	'2017-09-23 11:53:36'),
(43,	'63042',	'Labuh Sihombing',	'Laki-Laki',	'2017-09-23 11:53:37',	'2017-09-23 11:53:37'),
(44,	'85626',	'Maya Nasyiah',	'Laki-Laki',	'2017-09-23 11:53:37',	'2017-09-23 11:53:37'),
(45,	'17598',	'Cengkal Sihotang',	'Laki-Laki',	'2017-09-23 11:53:37',	'2017-09-23 11:53:37'),
(46,	'49713',	'Farhunnisa Maulana',	'Perempuan',	'2017-09-23 11:53:37',	'2017-09-23 11:53:37'),
(47,	'19112',	'Keisha Novitasari',	'Laki-Laki',	'2017-09-23 11:53:37',	'2017-09-23 11:53:37'),
(48,	'64697',	'Najwa Budiyanto',	'Perempuan',	'2017-09-23 11:53:37',	'2017-09-23 11:53:37'),
(49,	'84986',	'Bala Haryanti',	'Laki-Laki',	'2017-09-23 11:53:37',	'2017-09-23 11:53:37'),
(50,	'85607',	'Candra Nababan',	'Laki-Laki',	'2017-09-23 11:53:37',	'2017-09-23 11:53:37'),
(51,	'90490',	'Wardaya Susanti',	'Laki-Laki',	'2017-09-23 11:53:37',	'2017-09-23 11:53:37'),
(52,	'45365',	'Yono Zulkarnain',	'Perempuan',	'2017-09-23 11:53:37',	'2017-09-23 11:53:37'),
(53,	'50910',	'Leo Hidayanto',	'Laki-Laki',	'2017-09-23 11:53:37',	'2017-09-23 11:53:37'),
(54,	'90600',	'Puti Puspasari',	'Perempuan',	'2017-09-23 11:53:37',	'2017-09-23 11:53:37'),
(55,	'80607',	'Putri Andriani',	'Laki-Laki',	'2017-09-23 11:53:37',	'2017-09-23 11:53:37'),
(56,	'57090',	'Ciaobella Nasyiah',	'Perempuan',	'2017-09-23 11:53:37',	'2017-09-23 11:53:37'),
(57,	'05055',	'Adhiarja Hartati',	'Perempuan',	'2017-09-23 11:53:38',	'2017-09-23 11:53:38'),
(58,	'68863',	'Wulan Wibisono',	'Perempuan',	'2017-09-23 11:53:38',	'2017-09-23 11:53:38'),
(59,	'36584',	'Among Sitorus',	'Laki-Laki',	'2017-09-23 11:53:38',	'2017-09-23 11:53:38'),
(60,	'99620',	'Intan Jailani',	'Laki-Laki',	'2017-09-23 11:53:38',	'2017-09-23 11:53:38'),
(61,	'89720',	'Ifa Mulyani',	'Laki-Laki',	'2017-09-23 11:53:38',	'2017-09-23 11:53:38'),
(62,	'16618',	'Pranata Adriansyah',	'Perempuan',	'2017-09-23 11:53:38',	'2017-09-23 11:53:38'),
(63,	'94229',	'Zelda Wibowo',	'Laki-Laki',	'2017-09-23 11:53:38',	'2017-09-23 11:53:38'),
(64,	'44130',	'Intan Natsir',	'Perempuan',	'2017-09-23 11:53:38',	'2017-09-23 11:53:38'),
(65,	'46432',	'Irma Haryanti',	'Perempuan',	'2017-09-23 11:53:38',	'2017-09-23 11:53:38'),
(66,	'34814',	'Sabri Suartini',	'Laki-Laki',	'2017-09-23 11:53:38',	'2017-09-23 11:53:38'),
(67,	'99017',	'Dodo Purwanti',	'Perempuan',	'2017-09-23 11:53:38',	'2017-09-23 11:53:38'),
(68,	'38000',	'Ella Handayani',	'Perempuan',	'2017-09-23 11:53:38',	'2017-09-23 11:53:38'),
(69,	'85999',	'Asman Pudjiastuti',	'Laki-Laki',	'2017-09-23 11:53:38',	'2017-09-23 11:53:38'),
(70,	'40346',	'Widya Adriansyah',	'Laki-Laki',	'2017-09-23 11:53:39',	'2017-09-23 11:53:39'),
(71,	'44333',	'Uda Natsir',	'Laki-Laki',	'2017-09-23 11:53:39',	'2017-09-23 11:53:39'),
(72,	'26495',	'Tina Sihombing',	'Laki-Laki',	'2017-09-23 11:53:39',	'2017-09-23 11:53:39'),
(73,	'34390',	'Fitria Suryatmi',	'Laki-Laki',	'2017-09-23 11:53:39',	'2017-09-23 11:53:39'),
(74,	'87001',	'Opung Oktaviani',	'Laki-Laki',	'2017-09-23 11:53:39',	'2017-09-23 11:53:39'),
(75,	'81017',	'Hilda Mulyani',	'Laki-Laki',	'2017-09-23 11:53:39',	'2017-09-23 11:53:39'),
(76,	'84691',	'Alika Ardianto',	'Laki-Laki',	'2017-09-23 11:53:39',	'2017-09-23 11:53:39'),
(77,	'37248',	'Ophelia Uyainah',	'Perempuan',	'2017-09-23 11:53:39',	'2017-09-23 11:53:39'),
(78,	'33625',	'Banawa Irawan',	'Laki-Laki',	'2017-09-23 11:53:39',	'2017-09-23 11:53:39'),
(79,	'65993',	'Gambira Puspita',	'Perempuan',	'2017-09-23 11:53:39',	'2017-09-23 11:53:39'),
(80,	'39061',	'Cakrajiya Hakim',	'Laki-Laki',	'2017-09-23 11:53:39',	'2017-09-23 11:53:39'),
(81,	'75734',	'Emin Rahayu',	'Perempuan',	'2017-09-23 11:53:39',	'2017-09-23 11:53:39'),
(82,	'16189',	'Danu Farida',	'Perempuan',	'2017-09-23 11:53:39',	'2017-09-23 11:53:39'),
(83,	'85893',	'Salimah Nababan',	'Laki-Laki',	'2017-09-23 11:53:39',	'2017-09-23 11:53:39'),
(84,	'11920',	'Cawuk Nuraini',	'Perempuan',	'2017-09-23 11:53:40',	'2017-09-23 11:53:40'),
(85,	'83545',	'Sidiq Lestari',	'Laki-Laki',	'2017-09-23 11:53:40',	'2017-09-23 11:53:40'),
(86,	'28600',	'Cemplunk Lailasari',	'Laki-Laki',	'2017-09-23 11:53:40',	'2017-09-23 11:53:40'),
(87,	'11036',	'Raisa Yuliarti',	'Laki-Laki',	'2017-09-23 11:53:40',	'2017-09-23 11:53:40'),
(88,	'70899',	'Ella Megantara',	'Perempuan',	'2017-09-23 11:53:40',	'2017-09-23 11:53:40'),
(89,	'83082',	'Betania Wastuti',	'Perempuan',	'2017-09-23 11:53:40',	'2017-09-23 11:53:40'),
(90,	'08886',	'Tina Yulianti',	'Perempuan',	'2017-09-23 11:53:40',	'2017-09-23 11:53:40'),
(91,	'56631',	'Belinda Jailani',	'Laki-Laki',	'2017-09-23 11:53:40',	'2017-09-23 11:53:40'),
(92,	'88156',	'Banawa Riyanti',	'Perempuan',	'2017-09-23 11:53:40',	'2017-09-23 11:53:40'),
(93,	'02091',	'Rama Wijaya',	'Laki-Laki',	'2017-09-23 11:53:40',	'2017-09-23 11:53:40'),
(94,	'58099',	'Galuh Setiawan',	'Perempuan',	'2017-09-23 11:53:40',	'2017-09-23 11:53:40'),
(95,	'10804',	'Raina Pertiwi',	'Perempuan',	'2017-09-23 11:53:40',	'2017-09-23 11:53:40'),
(96,	'00926',	'Ajeng Jailani',	'Perempuan',	'2017-09-23 11:53:40',	'2017-09-23 11:53:40'),
(97,	'46190',	'Gangsar Aryani',	'Laki-Laki',	'2017-09-23 11:53:40',	'2017-09-23 11:53:40'),
(98,	'21601',	'Raden Hidayat',	'Perempuan',	'2017-09-23 11:53:41',	'2017-09-23 11:53:41'),
(99,	'81625',	'Syahrini Permata',	'Perempuan',	'2017-09-23 11:53:41',	'2017-09-23 11:53:41'),
(100,	'20996',	'Paris Wacana',	'Perempuan',	'2017-09-23 11:53:41',	'2017-09-23 11:53:41'),
(101,	'46966',	'Muni Suryatmi',	'Perempuan',	'2017-09-23 11:53:41',	'2017-09-23 11:53:41'),
(102,	'09235',	'Garang Budiyanto',	'Laki-Laki',	'2017-09-23 11:53:41',	'2017-09-23 11:53:41'),
(103,	'37967',	'Rachel Permata',	'Perempuan',	'2017-09-23 11:53:41',	'2017-09-23 11:53:41'),
(104,	'33728',	'Safina Hidayat',	'Perempuan',	'2017-09-23 11:53:41',	'2017-09-23 11:53:41'),
(105,	'35144',	'Patricia Kuswandari',	'Laki-Laki',	'2017-09-23 11:53:41',	'2017-09-23 11:53:41'),
(106,	'36254',	'Rahayu Widiastuti',	'Laki-Laki',	'2017-09-23 11:53:41',	'2017-09-23 11:53:41'),
(107,	'63847',	'Yani Narpati',	'Perempuan',	'2017-09-23 11:53:41',	'2017-09-23 11:53:41'),
(108,	'64371',	'Ciaobella Marbun',	'Laki-Laki',	'2017-09-23 11:53:41',	'2017-09-23 11:53:41'),
(109,	'09870',	'Oliva Manullang',	'Laki-Laki',	'2017-09-23 11:53:41',	'2017-09-23 11:53:41'),
(110,	'19044',	'Putri Najmudin',	'Laki-Laki',	'2017-09-23 11:53:41',	'2017-09-23 11:53:41'),
(111,	'28114',	'Kamaria Megantara',	'Laki-Laki',	'2017-09-23 11:53:41',	'2017-09-23 11:53:41'),
(112,	'37973',	'Gangsar Prayoga',	'Perempuan',	'2017-09-23 11:53:42',	'2017-09-23 11:53:42'),
(113,	'23369',	'Yunita Utami',	'Perempuan',	'2017-09-23 11:53:42',	'2017-09-23 11:53:42'),
(114,	'87981',	'Yusuf Nasyiah',	'Perempuan',	'2017-09-23 11:53:42',	'2017-09-23 11:53:42'),
(115,	'89320',	'Cindy Nababan',	'Perempuan',	'2017-09-23 11:53:42',	'2017-09-23 11:53:42'),
(116,	'09806',	'Bagas Prastuti',	'Perempuan',	'2017-09-23 11:53:42',	'2017-09-23 11:53:42'),
(117,	'19422',	'Paulin Mansur',	'Perempuan',	'2017-09-23 11:53:42',	'2017-09-23 11:53:42'),
(118,	'31759',	'Gabriella Rajasa',	'Laki-Laki',	'2017-09-23 11:53:42',	'2017-09-23 11:53:42'),
(119,	'58303',	'Natalia Marbun',	'Laki-Laki',	'2017-09-23 11:53:42',	'2017-09-23 11:53:42'),
(120,	'94478',	'Adikara Budiyanto',	'Perempuan',	'2017-09-23 11:53:42',	'2017-09-23 11:53:42'),
(121,	'75158',	'Banawi Prasetyo',	'Perempuan',	'2017-09-23 11:53:42',	'2017-09-23 11:53:42'),
(122,	'55841',	'Hadi Siregar',	'Laki-Laki',	'2017-09-23 11:53:42',	'2017-09-23 11:53:42'),
(123,	'49354',	'Radit Marpaung',	'Laki-Laki',	'2017-09-23 11:53:42',	'2017-09-23 11:53:42'),
(124,	'18770',	'Eka Marpaung',	'Perempuan',	'2017-09-23 11:53:42',	'2017-09-23 11:53:42'),
(125,	'18174',	'Intan Mulyani',	'Perempuan',	'2017-09-23 11:53:42',	'2017-09-23 11:53:42'),
(126,	'94224',	'Kunthara Suwarno',	'Perempuan',	'2017-09-23 11:53:43',	'2017-09-23 11:53:43'),
(127,	'68435',	'Agnes Hutapea',	'Laki-Laki',	'2017-09-23 11:53:43',	'2017-09-23 11:53:43'),
(128,	'36948',	'Malika Sitorus',	'Laki-Laki',	'2017-09-23 11:53:43',	'2017-09-23 11:53:43'),
(129,	'06449',	'Luwar Pangestu',	'Perempuan',	'2017-09-23 11:53:43',	'2017-09-23 11:53:43'),
(130,	'66888',	'Baktiono Prastuti',	'Laki-Laki',	'2017-09-23 11:53:43',	'2017-09-23 11:53:43'),
(131,	'99504',	'Chelsea Nainggolan',	'Perempuan',	'2017-09-23 11:53:43',	'2017-09-23 11:53:43'),
(132,	'30819',	'Zulfa Sudiati',	'Laki-Laki',	'2017-09-23 11:53:43',	'2017-09-23 11:53:43'),
(133,	'41051',	'Karsa Nuraini',	'Perempuan',	'2017-09-23 11:53:43',	'2017-09-23 11:53:43'),
(134,	'36500',	'Luhung Zulkarnain',	'Perempuan',	'2017-09-23 11:53:43',	'2017-09-23 11:53:43'),
(135,	'05061',	'Devi Lazuardi',	'Perempuan',	'2017-09-23 11:53:43',	'2017-09-23 11:53:43'),
(136,	'11032',	'Artanto Mustofa',	'Laki-Laki',	'2017-09-23 11:53:43',	'2017-09-23 11:53:43'),
(137,	'28428',	'Eja Maryadi',	'Laki-Laki',	'2017-09-23 11:53:43',	'2017-09-23 11:53:43'),
(138,	'73131',	'Zelda Nasyidah',	'Laki-Laki',	'2017-09-23 11:53:43',	'2017-09-23 11:53:43'),
(139,	'68260',	'Dono Marpaung',	'Laki-Laki',	'2017-09-23 11:53:43',	'2017-09-23 11:53:43'),
(140,	'85290',	'Keisha Astuti',	'Laki-Laki',	'2017-09-23 11:53:43',	'2017-09-23 11:53:43'),
(141,	'67290',	'Latif Purnawati',	'Laki-Laki',	'2017-09-23 11:53:43',	'2017-09-23 11:53:43'),
(142,	'55393',	'Indah Siregar',	'Laki-Laki',	'2017-09-23 11:53:44',	'2017-09-23 11:53:44'),
(143,	'60826',	'Jais Sudiati',	'Laki-Laki',	'2017-09-23 11:53:44',	'2017-09-23 11:53:44'),
(144,	'67502',	'Silvia Wahyuni',	'Laki-Laki',	'2017-09-23 11:53:44',	'2017-09-23 11:53:44'),
(145,	'56787',	'Sabri Dabukke',	'Laki-Laki',	'2017-09-23 11:53:44',	'2017-09-23 11:53:44'),
(146,	'41894',	'Salwa Uwais',	'Laki-Laki',	'2017-09-23 11:53:44',	'2017-09-23 11:53:44'),
(147,	'83389',	'Parman Aryani',	'Perempuan',	'2017-09-23 11:53:44',	'2017-09-23 11:53:44'),
(148,	'95071',	'Dimas Hidayat',	'Laki-Laki',	'2017-09-23 11:53:44',	'2017-09-23 11:53:44'),
(149,	'02187',	'Lanang Wibowo',	'Laki-Laki',	'2017-09-23 11:53:44',	'2017-09-23 11:53:44'),
(150,	'96833',	'Natalia Mahendra',	'Laki-Laki',	'2017-09-23 11:53:44',	'2017-09-23 11:53:44'),
(151,	'47418',	'Farah Pradana',	'Perempuan',	'2017-09-23 11:53:44',	'2017-09-23 11:53:44'),
(152,	'67134',	'Gilang Pradana',	'Perempuan',	'2017-09-23 11:53:44',	'2017-09-23 11:53:44'),
(153,	'46087',	'Marsito Pertiwi',	'Laki-Laki',	'2017-09-23 11:53:44',	'2017-09-23 11:53:44'),
(154,	'62757',	'Hasna Lestari',	'Laki-Laki',	'2017-09-23 11:53:44',	'2017-09-23 11:53:44'),
(155,	'49182',	'Prabu Hidayanto',	'Laki-Laki',	'2017-09-23 11:53:44',	'2017-09-23 11:53:44'),
(156,	'78229',	'Teguh Wibowo',	'Perempuan',	'2017-09-23 11:53:45',	'2017-09-23 11:53:45'),
(157,	'22966',	'Rika Jailani',	'Perempuan',	'2017-09-23 11:53:45',	'2017-09-23 11:53:45'),
(158,	'01622',	'Jefri Hidayat',	'Perempuan',	'2017-09-23 11:53:45',	'2017-09-23 11:53:45'),
(159,	'90556',	'Kasiyah Tampubolon',	'Laki-Laki',	'2017-09-23 11:53:45',	'2017-09-23 11:53:45'),
(160,	'85541',	'Reza Siregar',	'Laki-Laki',	'2017-09-23 11:53:45',	'2017-09-23 11:53:45'),
(161,	'14399',	'Yuni Riyanti',	'Laki-Laki',	'2017-09-23 11:53:45',	'2017-09-23 11:53:45'),
(162,	'62821',	'Ifa Tampubolon',	'Perempuan',	'2017-09-23 11:53:45',	'2017-09-23 11:53:45'),
(163,	'84702',	'Aisyah Haryanti',	'Laki-Laki',	'2017-09-23 11:53:45',	'2017-09-23 11:53:45'),
(164,	'60045',	'Harsaya Utami',	'Perempuan',	'2017-09-23 11:53:45',	'2017-09-23 11:53:45'),
(165,	'43663',	'Paris Mansur',	'Laki-Laki',	'2017-09-23 11:53:45',	'2017-09-23 11:53:45'),
(166,	'68498',	'Rahmat Waskita',	'Perempuan',	'2017-09-23 11:53:45',	'2017-09-23 11:53:45'),
(167,	'65953',	'Gabriella Hutagalung',	'Perempuan',	'2017-09-23 11:53:45',	'2017-09-23 11:53:45'),
(168,	'19020',	'Putri Firgantoro',	'Perempuan',	'2017-09-23 11:53:45',	'2017-09-23 11:53:45'),
(169,	'86669',	'Tasdik Halim',	'Perempuan',	'2017-09-23 11:53:46',	'2017-09-23 11:53:46'),
(170,	'56488',	'Kacung Ardianto',	'Perempuan',	'2017-09-23 11:53:46',	'2017-09-23 11:53:46'),
(171,	'59956',	'Catur Mahendra',	'Laki-Laki',	'2017-09-23 11:53:46',	'2017-09-23 11:53:46'),
(172,	'57207',	'Balidin Permata',	'Perempuan',	'2017-09-23 11:53:46',	'2017-09-23 11:53:46'),
(173,	'51740',	'Emong Waluyo',	'Perempuan',	'2017-09-23 11:53:46',	'2017-09-23 11:53:46'),
(174,	'44627',	'Calista Ardianto',	'Laki-Laki',	'2017-09-23 11:53:46',	'2017-09-23 11:53:46'),
(175,	'29918',	'Salsabila Widiastuti',	'Perempuan',	'2017-09-23 11:53:46',	'2017-09-23 11:53:46'),
(176,	'74209',	'Zulaikha Maryati',	'Perempuan',	'2017-09-23 11:53:46',	'2017-09-23 11:53:46'),
(177,	'18377',	'Salimah Wulandari',	'Perempuan',	'2017-09-23 11:53:46',	'2017-09-23 11:53:46'),
(178,	'06965',	'Maryadi Winarsih',	'Perempuan',	'2017-09-23 11:53:46',	'2017-09-23 11:53:46'),
(179,	'95267',	'Wawan Yuniar',	'Laki-Laki',	'2017-09-23 11:53:46',	'2017-09-23 11:53:46'),
(180,	'93094',	'Jaiman Nababan',	'Perempuan',	'2017-09-23 11:53:46',	'2017-09-23 11:53:46'),
(181,	'95952',	'Karma Mansur',	'Perempuan',	'2017-09-23 11:53:46',	'2017-09-23 11:53:46'),
(182,	'06483',	'Okta Pranowo',	'Laki-Laki',	'2017-09-23 11:53:47',	'2017-09-23 11:53:47'),
(183,	'99040',	'Teguh Prastuti',	'Laki-Laki',	'2017-09-23 11:53:47',	'2017-09-23 11:53:47'),
(184,	'39537',	'Umi Yulianti',	'Laki-Laki',	'2017-09-23 11:53:47',	'2017-09-23 11:53:47'),
(185,	'85919',	'Rika Mandasari',	'Laki-Laki',	'2017-09-23 11:53:47',	'2017-09-23 11:53:47'),
(186,	'98126',	'Timbul Saragih',	'Laki-Laki',	'2017-09-23 11:53:47',	'2017-09-23 11:53:47'),
(187,	'20730',	'Rusman Wahyuni',	'Perempuan',	'2017-09-23 11:53:47',	'2017-09-23 11:53:47'),
(188,	'43494',	'Kenes Suwarno',	'Laki-Laki',	'2017-09-23 11:53:47',	'2017-09-23 11:53:47'),
(189,	'97870',	'Cakrawangsa Palastri',	'Laki-Laki',	'2017-09-23 11:53:47',	'2017-09-23 11:53:47'),
(190,	'08897',	'Gadang Samosir',	'Perempuan',	'2017-09-23 11:53:47',	'2017-09-23 11:53:47'),
(191,	'91766',	'Oni Mulyani',	'Laki-Laki',	'2017-09-23 11:53:47',	'2017-09-23 11:53:47'),
(192,	'52389',	'Belinda Hariyah',	'Perempuan',	'2017-09-23 11:53:47',	'2017-09-23 11:53:47'),
(193,	'42224',	'Vero Mahendra',	'Perempuan',	'2017-09-23 11:53:47',	'2017-09-23 11:53:47'),
(194,	'14809',	'Cemeti Dabukke',	'Perempuan',	'2017-09-23 11:53:47',	'2017-09-23 11:53:47'),
(195,	'10373',	'Reksa Jailani',	'Perempuan',	'2017-09-23 11:53:47',	'2017-09-23 11:53:47'),
(196,	'12949',	'Wirda Wibisono',	'Laki-Laki',	'2017-09-23 11:53:47',	'2017-09-23 11:53:47'),
(197,	'39138',	'Mutia Namaga',	'Perempuan',	'2017-09-23 11:53:48',	'2017-09-23 11:53:48'),
(198,	'58138',	'Cindy Nasyidah',	'Perempuan',	'2017-09-23 11:53:48',	'2017-09-23 11:53:48'),
(199,	'40413',	'Laksana Hakim',	'Laki-Laki',	'2017-09-23 11:53:48',	'2017-09-23 11:53:48'),
(200,	'45766',	'Candra Wasita',	'Perempuan',	'2017-09-23 11:53:48',	'2017-09-23 11:53:48'),
(201,	'88502',	'Bakiman Wahyuni',	'Perempuan',	'2017-09-23 11:53:48',	'2017-09-23 11:53:48'),
(202,	'78443',	'Galiono Hutagalung',	'Perempuan',	'2017-09-23 11:53:48',	'2017-09-23 11:53:48'),
(203,	'12596',	'Lukman Wibisono',	'Laki-Laki',	'2017-09-23 11:53:48',	'2017-09-23 11:53:48'),
(205,	'12791',	'SAYA',	'Perempuan',	'2017-09-23 12:10:08',	'2017-09-23 12:10:08');

DROP TABLE IF EXISTS `sub_kriterias`;
CREATE TABLE `sub_kriterias` (
  `id` int(10) unsigned NOT NULL AUTO_INCREMENT,
  `id_kriterias` int(11) NOT NULL,
  `nama` varchar(20) COLLATE utf8mb4_unicode_ci NOT NULL,
  `created_at` timestamp NULL DEFAULT NULL,
  `updated_at` timestamp NULL DEFAULT NULL,
  PRIMARY KEY (`id`)
) ENGINE=InnoDB DEFAULT CHARSET=utf8mb4 COLLATE=utf8mb4_unicode_ci;

INSERT INTO `sub_kriterias` (`id`, `id_kriterias`, `nama`, `created_at`, `updated_at`) VALUES
(1,	1,	'4,00',	'2017-09-20 14:42:23',	'2017-09-20 14:42:23'),
(2,	1,	'3,00-3,90',	'2017-09-20 14:42:23',	'2017-09-20 14:42:23'),
(3,	1,	'2,00-2,90',	'2017-09-20 14:42:23',	'2017-09-20 14:42:23'),
(4,	1,	'1,00-1,90',	'2017-09-20 14:42:23',	'2017-09-20 14:42:23'),
(5,	2,	'Tidak Ada Alfa',	'2017-09-20 14:42:23',	'2017-09-20 14:42:23'),
(6,	2,	'1 Alfa',	'2017-09-20 14:42:23',	'2017-09-20 14:42:23'),
(7,	2,	'2 Alfa',	'2017-09-20 14:42:23',	'2017-09-20 14:42:23'),
(8,	2,	'3 Alfa',	'2017-09-20 14:42:23',	'2017-09-20 14:42:23'),
(9,	3,	'A',	'2017-09-20 14:42:23',	'2017-09-20 14:42:23'),
(10,	3,	'B',	'2017-09-20 14:42:24',	'2017-09-20 14:42:24'),
(11,	3,	'C',	'2017-09-20 14:42:24',	'2017-09-20 14:42:24'),
(12,	3,	'D',	'2017-09-20 14:42:24',	'2017-09-20 14:42:24'),
(13,	4,	'3 Extra',	'2017-09-20 14:42:24',	'2017-09-20 14:42:24'),
(14,	4,	'2 Extra',	'2017-09-20 14:42:24',	'2017-09-20 14:42:24'),
(15,	4,	'1 Extra',	'2017-09-20 14:42:24',	'2017-09-20 14:42:24'),
(16,	4,	'0 Extra',	'2017-09-20 14:42:24',	'2017-09-20 14:42:24');

DROP TABLE IF EXISTS `users`;
CREATE TABLE `users` (
  `id` int(10) unsigned NOT NULL AUTO_INCREMENT,
  `name` varchar(191) COLLATE utf8mb4_unicode_ci NOT NULL,
  `email` varchar(191) COLLATE utf8mb4_unicode_ci NOT NULL,
  `username` varchar(191) COLLATE utf8mb4_unicode_ci NOT NULL,
  `password` varchar(191) COLLATE utf8mb4_unicode_ci NOT NULL,
  `remember_token` varchar(100) COLLATE utf8mb4_unicode_ci DEFAULT NULL,
  `created_at` timestamp NULL DEFAULT NULL,
  `updated_at` timestamp NULL DEFAULT NULL,
  PRIMARY KEY (`id`),
  UNIQUE KEY `users_email_unique` (`email`),
  UNIQUE KEY `users_username_unique` (`username`)
) ENGINE=InnoDB DEFAULT CHARSET=utf8mb4 COLLATE=utf8mb4_unicode_ci;

INSERT INTO `users` (`id`, `name`, `email`, `username`, `password`, `remember_token`, `created_at`, `updated_at`) VALUES
(1,	'Admin',	'admin@admin.com',	'admin',	'$2y$10$jjn3puB.fKdlfHdNAtrRW.j4R7eAOPOXSDb0sDiHC1aS6.GxCT2Yq',	'3KffYfF6YHR0LJ7kOx3mE7nK5lo92fhshjldR0tHZWHKowvBUco6E5zGY4XY',	'2017-09-21 04:54:03',	'2017-09-21 05:08:27');

-- 2017-09-23 19:17:22
